experiment_id,scenario,model_time,output_channel,prediction,largest_term_name,largest_term_value,second_largest_term_name,second_largest_term_value,sum_linear,sum_quadratic,sum_cubic,sum_interactions,bias
A_n1,quiet_market,1.002,direction_state,0.0,bias,0.0,price_displacement,0.0,0.0,0,0,0.0,0.0
A_n1,quiet_market,1.002,magnitude_state,0.0,bias,0.0,price_displacement,0.0,0.0,0,0,0.0,0.0
A_n1,quiet_market,1.002,strength,0.0,bias,0.0,price_displacement,0.0,0.0,0,0,0.0,0.0
A_n1,quiet_market,1.002,persistence,0.0,bias,0.0,price_displacement,0.0,0.0,0,0,0.0,0.0
A_n1,quiet_market,1.002,observation_half_life,0.0,bias,0.0,price_displacement,0.0,0.0,0,0,0.0,0.0
A_n1,quiet_market,1.002,forward_half_life,0.0,bias,0.0,price_displacement,0.0,0.0,0,0,0.0,0.0
A_n1,quiet_market,1.002,reinforcement,0.0,bias,0.0,price_displacement,0.0,0.0,0,0,0.0,0.0
A_n1,quiet_market,1.002,uncertainty,0.0,bias,0.0,price_displacement,0.0,0.0,0,0,0.0,0.0
A_n1,quiet_market,1.002,reversal_tendency,0.0,bias,0.0,price_displacement,0.0,0.0,0,0,0.0,0.0
A_n1,quiet_market,1.002,perturbation_state,0.0,bias,0.0,price_displacement,0.0,0.0,0,0,0.0,0.0
A_n1,quiet_market,2.002,direction_state,0.0,bias,0.0,price_displacement,0.0,0.0,0,0,0.0,0.0
A_n1,quiet_market,2.002,magnitude_state,0.0,bias,0.0,price_displacement,0.0,0.0,0,0,0.0,0.0
A_n1,quiet_market,2.002,strength,0.0,bias,0.0,price_displacement,0.0,0.0,0,0,0.0,0.0
A_n1,quiet_market,2.002,persistence,0.0,bias,0.0,price_displacement,0.0,0.0,0,0,0.0,0.0
A_n1,quiet_market,2.002,observation_half_life,0.0,bias,0.0,price_displacement,0.0,0.0,0,0,0.0,0.0
A_n1,quiet_market,2.002,forward_half_life,0.0,bias,0.0,price_displacement,0.0,0.0,0,0,0.0,0.0
A_n1,quiet_market,2.002,reinforcement,0.0,bias,0.0,price_displacement,0.0,0.0,0,0,0.0,0.0
A_n1,quiet_market,2.002,uncertainty,0.0,bias,0.0,price_displacement,0.0,0.0,0,0,0.0,0.0
A_n1,quiet_market,2.002,reversal_tendency,0.0,bias,0.0,price_displacement,0.0,0.0,0,0,0.0,0.0
A_n1,quiet_market,2.002,perturbation_state,0.0,bias,0.0,price_displacement,0.0,0.0,0,0,0.0,0.0
A_n1,quiet_market,3.002,direction_state,0.0,bias,0.0,price_displacement,0.0,0.0,0,0,0.0,0.0
A_n1,quiet_market,3.002,magnitude_state,0.0,bias,0.0,price_displacement,0.0,0.0,0,0,0.0,0.0
A_n1,quiet_market,3.002,strength,0.0,bias,0.0,price_displacement,0.0,0.0,0,0,0.0,0.0
A_n1,quiet_market,3.002,persistence,0.0,bias,0.0,price_displacement,0.0,0.0,0,0,0.0,0.0
A_n1,quiet_market,3.002,observation_half_life,0.0,bias,0.0,price_displacement,0.0,0.0,0,0,0.0,0.0
A_n1,quiet_market,3.002,forward_half_life,0.0,bias,0.0,price_displacement,0.0,0.0,0,0,0.0,0.0
A_n1,quiet_market,3.002,reinforcement,0.0,bias,0.0,price_displacement,0.0,0.0,0,0,0.0,0.0
A_n1,quiet_market,3.002,uncertainty,0.0,bias,0.0,price_displacement,0.0,0.0,0,0,0.0,0.0
A_n1,quiet_market,3.002,reversal_tendency,0.0,bias,0.0,price_displacement,0.0,0.0,0,0,0.0,0.0
A_n1,quiet_market,3.002,perturbation_state,0.0,bias,0.0,price_displacement,0.0,0.0,0,0,0.0,0.0
A_n1,quiet_market,4.002,direction_state,0.0,bias,0.0,price_displacement,0.0,0.0,0,0,0.0,0.0
A_n1,quiet_market,4.002,magnitude_state,0.0,bias,0.0,price_displacement,0.0,0.0,0,0,0.0,0.0
A_n1,quiet_market,4.002,strength,0.0,bias,0.0,price_displacement,0.0,0.0,0,0,0.0,0.0
A_n1,quiet_market,4.002,persistence,0.0,bias,0.0,price_displacement,0.0,0.0,0,0,0.0,0.0
A_n1,quiet_market,4.002,observation_half_life,0.0,bias,0.0,price_displacement,0.0,0.0,0,0,0.0,0.0
A_n1,quiet_market,4.002,forward_half_life,0.0,bias,0.0,price_displacement,0.0,0.0,0,0,0.0,0.0
A_n1,quiet_market,4.002,reinforcement,0.0,bias,0.0,price_displacement,0.0,0.0,0,0,0.0,0.0
A_n1,quiet_market,4.002,uncertainty,0.0,bias,0.0,price_displacement,0.0,0.0,0,0,0.0,0.0
A_n1,quiet_market,4.002,reversal_tendency,0.0,bias,0.0,price_displacement,0.0,0.0,0,0,0.0,0.0
A_n1,quiet_market,4.002,perturbation_state,0.0,bias,0.0,price_displacement,0.0,0.0,0,0,0.0,0.0
A_n1,quiet_market,5.002,direction_state,0.0,bias,0.0,price_displacement,0.0,0.0,0,0,0.0,0.0
A_n1,quiet_market,5.002,magnitude_state,0.0,bias,0.0,price_displacement,0.0,0.0,0,0,0.0,0.0
A_n1,quiet_market,5.002,strength,0.0,bias,0.0,price_displacement,0.0,0.0,0,0,0.0,0.0
A_n1,quiet_market,5.002,persistence,0.0,bias,0.0,price_displacement,0.0,0.0,0,0,0.0,0.0
A_n1,quiet_market,5.002,observation_half_life,0.0,bias,0.0,price_displacement,0.0,0.0,0,0,0.0,0.0
A_n1,quiet_market,5.002,forward_half_life,0.0,bias,0.0,price_displacement,0.0,0.0,0,0,0.0,0.0
A_n1,quiet_market,5.002,reinforcement,0.0,bias,0.0,price_displacement,0.0,0.0,0,0,0.0,0.0
A_n1,quiet_market,5.002,uncertainty,0.0,bias,0.0,price_displacement,0.0,0.0,0,0,0.0,0.0
A_n1,quiet_market,5.002,reversal_tendency,0.0,bias,0.0,price_displacement,0.0,0.0,0,0,0.0,0.0
A_n1,quiet_market,5.002,perturbation_state,0.0,bias,0.0,price_displacement,0.0,0.0,0,0,0.0,0.0
A_n1,quiet_market,6.002,direction_state,0.0,bias,0.0,price_displacement,0.0,0.0,0,0,0.0,0.0
A_n1,quiet_market,6.002,magnitude_state,0.0,bias,0.0,price_displacement,0.0,0.0,0,0,0.0,0.0
A_n1,quiet_market,6.002,strength,0.0,bias,0.0,price_displacement,0.0,0.0,0,0,0.0,0.0
A_n1,quiet_market,6.002,persistence,0.0,bias,0.0,price_displacement,0.0,0.0,0,0,0.0,0.0
A_n1,quiet_market,6.002,observation_half_life,0.0,bias,0.0,price_displacement,0.0,0.0,0,0,0.0,0.0
A_n1,quiet_market,6.002,forward_half_life,0.0,bias,0.0,price_displacement,0.0,0.0,0,0,0.0,0.0
A_n1,quiet_market,6.002,reinforcement,0.0,bias,0.0,price_displacement,0.0,0.0,0,0,0.0,0.0
A_n1,quiet_market,6.002,uncertainty,0.0,bias,0.0,price_displacement,0.0,0.0,0,0,0.0,0.0
A_n1,quiet_market,6.002,reversal_tendency,0.0,bias,0.0,price_displacement,0.0,0.0,0,0,0.0,0.0
A_n1,quiet_market,6.002,perturbation_state,0.0,bias,0.0,price_displacement,0.0,0.0,0,0,0.0,0.0
A_n1,quiet_market,7.002,direction_state,0.0,bias,0.0,price_displacement,0.0,0.0,0,0,0.0,0.0
A_n1,quiet_market,7.002,magnitude_state,0.0,bias,0.0,price_displacement,0.0,0.0,0,0,0.0,0.0
A_n1,quiet_market,7.002,strength,0.0,bias,0.0,price_displacement,0.0,0.0,0,0,0.0,0.0
A_n1,quiet_market,7.002,persistence,0.0,bias,0.0,price_displacement,0.0,0.0,0,0,0.0,0.0
A_n1,quiet_market,7.002,observation_half_life,0.0,bias,0.0,price_displacement,0.0,0.0,0,0,0.0,0.0
A_n1,quiet_market,7.002,forward_half_life,0.0,bias,0.0,price_displacement,0.0,0.0,0,0,0.0,0.0
A_n1,quiet_market,7.002,reinforcement,0.0,bias,0.0,price_displacement,0.0,0.0,0,0,0.0,0.0
A_n1,quiet_market,7.002,uncertainty,0.0,bias,0.0,price_displacement,0.0,0.0,0,0,0.0,0.0
A_n1,quiet_market,7.002,reversal_tendency,0.0,bias,0.0,price_displacement,0.0,0.0,0,0,0.0,0.0
A_n1,quiet_market,7.002,perturbation_state,0.0,bias,0.0,price_displacement,0.0,0.0,0,0,0.0,0.0
A_n1,quiet_market,8.002,direction_state,0.0,bias,0.0,price_displacement,0.0,0.0,0,0,0.0,0.0
A_n1,quiet_market,8.002,magnitude_state,0.0,bias,0.0,price_displacement,0.0,0.0,0,0,0.0,0.0
A_n1,quiet_market,8.002,strength,0.0,bias,0.0,price_displacement,0.0,0.0,0,0,0.0,0.0
A_n1,quiet_market,8.002,persistence,0.0,bias,0.0,price_displacement,0.0,0.0,0,0,0.0,0.0
A_n1,quiet_market,8.002,observation_half_life,0.0,bias,0.0,price_displacement,0.0,0.0,0,0,0.0,0.0
A_n1,quiet_market,8.002,forward_half_life,0.0,bias,0.0,price_displacement,0.0,0.0,0,0,0.0,0.0
A_n1,quiet_market,8.002,reinforcement,0.0,bias,0.0,price_displacement,0.0,0.0,0,0,0.0,0.0
A_n1,quiet_market,8.002,uncertainty,0.0,bias,0.0,price_displacement,0.0,0.0,0,0,0.0,0.0
A_n1,quiet_market,8.002,reversal_tendency,0.0,bias,0.0,price_displacement,0.0,0.0,0,0,0.0,0.0
A_n1,quiet_market,8.002,perturbation_state,0.0,bias,0.0,price_displacement,0.0,0.0,0,0,0.0,0.0
A_n1,quiet_market,9.002,direction_state,0.0,bias,0.0,price_displacement,0.0,0.0,0,0,0.0,0.0
A_n1,quiet_market,9.002,magnitude_state,0.0,bias,0.0,price_displacement,0.0,0.0,0,0,0.0,0.0
A_n1,quiet_market,9.002,strength,0.0,bias,0.0,price_displacement,0.0,0.0,0,0,0.0,0.0
A_n1,quiet_market,9.002,persistence,0.0,bias,0.0,price_displacement,0.0,0.0,0,0,0.0,0.0
A_n1,quiet_market,9.002,observation_half_life,0.0,bias,0.0,price_displacement,0.0,0.0,0,0,0.0,0.0
A_n1,quiet_market,9.002,forward_half_life,0.0,bias,0.0,price_displacement,0.0,0.0,0,0,0.0,0.0
A_n1,quiet_market,9.002,reinforcement,0.0,bias,0.0,price_displacement,0.0,0.0,0,0,0.0,0.0
A_n1,quiet_market,9.002,uncertainty,0.0,bias,0.0,price_displacement,0.0,0.0,0,0,0.0,0.0
A_n1,quiet_market,9.002,reversal_tendency,0.0,bias,0.0,price_displacement,0.0,0.0,0,0,0.0,0.0
A_n1,quiet_market,9.002,perturbation_state,0.0,bias,0.0,price_displacement,0.0,0.0,0,0,0.0,0.0
A_n1,quiet_market,10.002,direction_state,0.0,bias,0.0,price_displacement,0.0,0.0,0,0,0.0,0.0
A_n1,quiet_market,10.002,magnitude_state,0.0,bias,0.0,price_displacement,0.0,0.0,0,0,0.0,0.0
A_n1,quiet_market,10.002,strength,0.0,bias,0.0,price_displacement,0.0,0.0,0,0,0.0,0.0
A_n1,quiet_market,10.002,persistence,0.0,bias,0.0,price_displacement,0.0,0.0,0,0,0.0,0.0
A_n1,quiet_market,10.002,observation_half_life,0.0,bias,0.0,price_displacement,0.0,0.0,0,0,0.0,0.0
A_n1,quiet_market,10.002,forward_half_life,0.0,bias,0.0,price_displacement,0.0,0.0,0,0,0.0,0.0
A_n1,quiet_market,10.002,reinforcement,0.0,bias,0.0,price_displacement,0.0,0.0,0,0,0.0,0.0
A_n1,quiet_market,10.002,uncertainty,0.0,bias,0.0,price_displacement,0.0,0.0,0,0,0.0,0.0
A_n1,quiet_market,10.002,reversal_tendency,0.0,bias,0.0,price_displacement,0.0,0.0,0,0,0.0,0.0
A_n1,quiet_market,10.002,perturbation_state,0.0,bias,0.0,price_displacement,0.0,0.0,0,0,0.0,0.0
A_n1,quiet_market,11.002,direction_state,0.0,bias,0.0,price_displacement,0.0,0.0,0,0,0.0,0.0
A_n1,quiet_market,11.002,magnitude_state,0.0,bias,0.0,price_displacement,0.0,0.0,0,0,0.0,0.0
A_n1,quiet_market,11.002,strength,0.0,bias,0.0,price_displacement,0.0,0.0,0,0,0.0,0.0
A_n1,quiet_market,11.002,persistence,0.0,bias,0.0,price_displacement,0.0,0.0,0,0,0.0,0.0
A_n1,quiet_market,11.002,observation_half_life,0.0,bias,0.0,price_displacement,0.0,0.0,0,0,0.0,0.0
A_n1,quiet_market,11.002,forward_half_life,0.0,bias,0.0,price_displacement,0.0,0.0,0,0,0.0,0.0
A_n1,quiet_market,11.002,reinforcement,0.0,bias,0.0,price_displacement,0.0,0.0,0,0,0.0,0.0
A_n1,quiet_market,11.002,uncertainty,0.0,bias,0.0,price_displacement,0.0,0.0,0,0,0.0,0.0
A_n1,quiet_market,11.002,reversal_tendency,0.0,bias,0.0,price_displacement,0.0,0.0,0,0,0.0,0.0
A_n1,quiet_market,11.002,perturbation_state,0.0,bias,0.0,price_displacement,0.0,0.0,0,0,0.0,0.0
A_n1,quiet_market,12.002,direction_state,0.0,bias,0.0,price_displacement,0.0,0.0,0,0,0.0,0.0
A_n1,quiet_market,12.002,magnitude_state,0.0,bias,0.0,price_displacement,0.0,0.0,0,0,0.0,0.0
A_n1,quiet_market,12.002,strength,0.0,bias,0.0,price_displacement,0.0,0.0,0,0,0.0,0.0
A_n1,quiet_market,12.002,persistence,0.0,bias,0.0,price_displacement,0.0,0.0,0,0,0.0,0.0
A_n1,quiet_market,12.002,observation_half_life,0.0,bias,0.0,price_displacement,0.0,0.0,0,0,0.0,0.0
A_n1,quiet_market,12.002,forward_half_life,0.0,bias,0.0,price_displacement,0.0,0.0,0,0,0.0,0.0
A_n1,quiet_market,12.002,reinforcement,0.0,bias,0.0,price_displacement,0.0,0.0,0,0,0.0,0.0
A_n1,quiet_market,12.002,uncertainty,0.0,bias,0.0,price_displacement,0.0,0.0,0,0,0.0,0.0
A_n1,quiet_market,12.002,reversal_tendency,0.0,bias,0.0,price_displacement,0.0,0.0,0,0,0.0,0.0
A_n1,quiet_market,12.002,perturbation_state,0.0,bias,0.0,price_displacement,0.0,0.0,0,0,0.0,0.0
A_n1,quiet_market,13.002,direction_state,0.0,bias,0.0,price_displacement,-0.0,0.0,0,0,0.0,0.0
A_n1,quiet_market,13.002,magnitude_state,0.0,bias,0.0,price_displacement,-0.0,0.0,0,0,0.0,0.0
A_n1,quiet_market,13.002,strength,0.0,bias,0.0,price_displacement,-0.0,0.0,0,0,0.0,0.0
A_n1,quiet_market,13.002,persistence,0.0,bias,0.006,price_displacement,-0.0,0.0,0,0,0.0,0.006
A_n1,quiet_market,13.002,observation_half_life,0.0,bias,1.7999999999999998,price_displacement,-0.0,0.0,0,0,0.0,1.7999999999999998
A_n1,quiet_market,13.002,forward_half_life,0.0,bias,1.7999999999999998,price_displacement,-0.0,0.0,0,0,0.0,1.7999999999999998
A_n1,quiet_market,13.002,reinforcement,0.0,bias,-0.0045,price_displacement,-0.0,0.0,0,0,0.0,-0.0045
A_n1,quiet_market,13.002,uncertainty,0.0,bias,0.03,price_displacement,-0.0,0.0,0,0,0.0,0.03
A_n1,quiet_market,13.002,reversal_tendency,0.0,bias,0.0,price_displacement,-0.0,0.0,0,0,0.0,0.0
A_n1,quiet_market,13.002,perturbation_state,0.0,bias,0.0,price_displacement,-0.0,0.0,0,0,0.0,0.0
A_n1,quiet_market,14.002,direction_state,0.0,price_displacement,-0.03910358707567784,price_velocity,-0.03910358707567784,-0.08686223308586587,0,0,0.0,-0.03
A_n1,quiet_market,14.002,magnitude_state,0.0,price_displacement,0.036645241600916124,price_velocity,0.036645241600916124,0.0814014200606804,0,0,0.0,0.028113974452008167
A_n1,quiet_market,14.002,strength,0.0,price_displacement,0.023462152245406705,price_velocity,0.023462152245406705,0.05211733985151952,0,0,0.0,0.018
A_n1,quiet_market,14.002,persistence,0.0,bias,0.01181991,price_displacement,0.007586095892681501,0.016851273218657977,0,0,0.0,0.01181991
A_n1,quiet_market,14.002,observation_half_life,0.0,bias,3.545973,price_displacement,2.2758287678044504,5.055381965597394,0,0,0.0,3.545973
A_n1,quiet_market,14.002,forward_half_life,0.0,bias,3.545973,price_displacement,2.2758287678044504,5.055381965597394,0,0,0.0,3.545973
A_n1,quiet_market,14.002,reinforcement,0.0,bias,-0.008864932499999999,price_displacement,-0.005689571919511126,-0.012638454913993484,0,0,0.0,-0.008864932499999999
A_n1,quiet_market,14.002,uncertainty,0.0,bias,0.04109955,price_displacement,0.014468327218000803,0.032139026241770376,0,0,0.0,0.04109955
A_n1,quiet_market,14.002,reversal_tendency,0.0,bias,0.0,price_displacement,-0.0,0.0,0,0,0.0,0.0
A_n1,quiet_market,14.002,perturbation_state,0.0,bias,0.0,price_displacement,-0.0,0.0,0,0,0.0,0.0
A_n1,quiet_market,15.002,direction_state,0.0,bias,-0.05649368300742402,price_acceleration,0.03578952931791398,0.04066504757003274,0,0,0.0,-0.05649368300742402
A_n1,quiet_market,15.002,magnitude_state,0.0,bias,0.06655494152618886,price_acceleration,-0.038579365624212374,-0.04456936382975127,0,0,0.0,0.06655494152618886
A_n1,quiet_market,15.002,strength,0.0,bias,0.033896209804454416,price_acceleration,-0.02147371759074839,-0.024399028542019648,0,0,0.0,0.033896209804454416
A_n1,quiet_market,15.002,persistence,0.0,bias,0.01695959720479026,price_acceleration,-0.006943169687284423,-0.007889020510037264,0,0,0.0,0.01695959720479026
A_n1,quiet_market,15.002,observation_half_life,0.0,bias,5.0,price_acceleration,-2.082950906185327,-2.3667061530111795,0,0,0.0,5.0
A_n1,quiet_market,15.002,forward_half_life,0.0,bias,5.0,price_acceleration,-2.082950906185327,-2.3667061530111795,0,0,0.0,5.0
A_n1,quiet_market,15.002,reinforcement,0.0,bias,-0.003719697903592694,price_acceleration,0.001875346900026461,0.001645262342934026,0,0,0.0,-0.003719697903592694
A_n1,quiet_market,15.002,uncertainty,0.0,bias,0.05090177621949689,price_acceleration,-0.013242130845673723,-0.015046074008166675,0,0,0.0,0.05090177621949689
A_n1,quiet_market,15.002,reversal_tendency,0.0,bias,0.0,price_displacement,0.0,0.0,0,0,0.0,0.0
A_n1,quiet_market,15.002,perturbation_state,0.0,bias,0.0,price_displacement,0.0,0.0,0,0,0.0,0.0
A_n1,quiet_market,16.002,direction_state,0.0,bias,-0.026017994712703264,price_displacement,0.019363379581189676,0.05022887168104563,0,0,0.0,-0.026017994712703264
A_n1,quiet_market,16.002,magnitude_state,0.0,bias,0.06702011704288408,price_displacement,-0.023372943062740674,-0.053030617606065145,0,0,0.0,0.06702011704288408
A_n1,quiet_market,16.002,strength,0.0,bias,0.051610775019246644,price_displacement,-0.011222337594487652,-0.022739520176775208,0,0,0.0,0.051610775019246644
A_n1,quiet_market,16.002,persistence,0.0,bias,0.022687225509989598,price_displacement,-0.003628556824566471,-0.007352445396759463,0,0,0.0,0.022687225509989598
A_n1,quiet_market,16.002,observation_half_life,0.0,bias,5.0,price_displacement,-1.0885380699199352,-2.20519185810853,0,0,0.0,5.0
A_n1,quiet_market,16.002,forward_half_life,0.0,bias,5.0,price_displacement,-1.0885380699199352,-2.20519185810853,0,0,0.0,5.0
A_n1,quiet_market,16.002,reinforcement,0.0,bias,-0.00815740904130438,price_displacement,-0.0009467628792199079,-0.002398248612831149,0,0,0.0,-0.00815740904130438
A_n1,quiet_market,16.002,uncertainty,0.0,bias,0.061825352530701344,price_displacement,-0.006920446528344701,-0.014022706807022108,0,0,0.0,0.061825352530701344
A_n1,quiet_market,16.002,reversal_tendency,0.0,bias,0.005025877004267554,price_acceleration,0.0009223079765241422,0.0010327908238389198,0,0,0.0,0.005025877004267554
A_n1,quiet_market,16.002,perturbation_state,0.0,bias,0.0,price_displacement,0.0,0.0,0,0,0.0,0.0
A_n1,quiet_market,17.002,direction_state,0.0,price_displacement,0.01629729858983578,price_velocity,0.01629729858983578,0.02704274150676841,0,0,0.0,0.003256069248167154
A_n1,quiet_market,17.002,magnitude_state,0.0,bias,0.07538675736016477,price_displacement,-0.016878419342797223,-0.031054143491813912,0,0,0.0,0.07538675736016477
A_n1,quiet_market,17.002,strength,0.0,bias,0.06874386321234721,price_displacement,-0.007265638090395134,-0.014631815047394574,0,0,0.0,0.06874386321234721
A_n1,quiet_market,17.002,persistence,0.0,bias,0.028226841798210042,price_displacement,-0.0023492232327529776,-0.004730954794406559,0,0,0.0,0.028226841798210042
A_n1,quiet_market,17.002,observation_half_life,0.0,bias,5.0,price_displacement,-0.7012828443079148,-1.4132705629230817,0,0,0.0,5.0
A_n1,quiet_market,17.002,forward_half_life,0.0,bias,5.0,price_displacement,-0.7012828443079148,-1.4132705629230817,0,0,0.0,5.0
A_n1,quiet_market,17.002,reinforcement,0.0,bias,-0.0033406169505446944,price_displacement,-0.00039746883723859795,-0.0006341674552174827,0,0,0.0,-0.0033406169505446944
A_n1,quiet_market,17.002,uncertainty,0.0,bias,0.072390345778703,price_displacement,-0.0044804780733697525,-0.009022958924638216,0,0,0.0,0.072390345778703
A_n1,quiet_market,17.002,reversal_tendency,0.0,bias,0.004844041581269296,price_acceleration,-0.0004108376218812236,-0.00035176244936287345,0,0,0.0,0.004844041581269296
A_n1,quiet_market,17.002,perturbation_state,0.0,bias,0.0,price_displacement,0.0,0.0,0,0,0.0,0.0
A_n1,quiet_market,18.002,direction_state,0.0,bias,0.032347056084480366,price_acceleration,-0.009362676510380521,0.0010625097788370553,0,0,0.0,0.032347056084480366
A_n1,quiet_market,18.002,magnitude_state,0.0,bias,0.08060247579584662,price_displacement,-0.004902256562206098,-0.005041254430696346,0,0,0.0,0.08060247579584662
A_n1,quiet_market,18.002,strength,0.0,bias,0.08511947060945045,price_displacement,-0.0019118883152596715,-0.0038253121577375986,0,0,0.0,0.08511947060945045
A_n1,quiet_market,18.002,persistence,0.0,bias,0.03352154178546896,price_displacement,-0.0006181771516893342,-0.001236852009204848,0,0,0.0,0.03352154178546896
A_n1,quiet_market,18.002,observation_half_life,0.0,bias,5.0,price_displacement,-0.1829679932322603,-0.36664332443053055,0,0,0.0,5.0
A_n1,quiet_market,18.002,forward_half_life,0.0,bias,5.0,price_displacement,-0.1829679932322603,-0.36664332443053055,0,0,0.0,5.0
A_n1,quiet_market,18.002,reinforcement,0.0,bias,0.0012786766908824288,price_acceleration,0.00032901918235245123,0.00022438132374867883,0,0,0.0,0.0012786766908824288
A_n1,quiet_market,18.002,uncertainty,0.0,bias,0.08248823831789437,price_displacement,-0.001178997443186999,-0.002358947888286639,0,0,0.0,0.08248823831789437
A_n1,quiet_market,18.002,reversal_tendency,0.0,bias,0.004709200546688384,price_acceleration,-0.00071708694044315,-0.0007034564759778753,0,0,0.0,0.004709200546688384
A_n1,quiet_market,18.002,perturbation_state,0.0,bias,0.0,price_displacement,0.0,0.0,0,0,0.0,0.0
A_n1,quiet_market,19.002,direction_state,0.0,price_displacement,0.16558965032581566,price_velocity,0.16558965032581566,0.4240495185947758,0,0,0.0,0.06134428390233898
A_n1,quiet_market,19.002,magnitude_state,0.0,price_displacement,-0.15226973646066294,price_velocity,-0.15226973646066294,-0.3545878027138491,0,0,0.0,0.08026436180796014
A_n1,quiet_market,19.002,strength,0.0,bias,0.10067936906359956,price_displacement,-0.05736877837924638,-0.11774458267212982,0,0,0.0,0.10067936906359956
A_n1,quiet_market,19.002,persistence,0.0,bias,0.038552498269054256,price_displacement,-0.018549234536494555,-0.038070730419717945,0,0,0.0,0.038552498269054256
A_n1,quiet_market,19.002,observation_half_life,0.0,price_displacement,-5.468123222736745,price_velocity,-5.468123222736745,-11.251498850163667,0,0,0.0,5.0
A_n1,quiet_market,19.002,forward_half_life,0.0,price_displacement,-5.468123222736745,price_velocity,-5.468123222736745,-11.251498850163667,0,0,0.0,5.0
A_n1,quiet_market,19.002,reinforcement,0.0,bias,0.005733565770293133,price_acceleration,-0.004327065863441637,-0.006431300416257626,0,0,0.0,0.005733565770293133
A_n1,quiet_market,19.002,uncertainty,0.0,bias,0.09208312228167173,price_displacement,-0.0353773943032264,-0.07260906942645992,0,0,0.0,0.09208312228167173
A_n1,quiet_market,19.002,reversal_tendency,0.0,price_acceleration,0.007567748889052467,bias,0.004588957586558869,0.007960119388980062,0,0,0.0,0.004588957586558869
A_n1,quiet_market,19.002,perturbation_state,0.0,bias,0.0,price_displacement,0.0,0.0,0,0,0.0,0.0
A_n1,quiet_market,20.002,direction_state,0.0,price_displacement,0.1406396096842008,price_velocity,0.1406396096842008,0.23752439481372406,0,0,0.0,0.076781549663167
A_n1,quiet_market,20.002,magnitude_state,0.0,bias,0.1484226167589241,price_displacement,0.07411732485572223,0.11684200457323611,0,0,0.0,0.1484226167589241
A_n1,quiet_market,20.002,strength,0.0,bias,0.11918981528131951,price_acceleration,-0.012248759662116126,0.008187267616857697,0,0,0.0,0.11918981528131951
A_n1,quiet_market,20.002,persistence,0.0,bias,0.04453746694610013,price_acceleration,-0.003960446280929886,0.0026472783591985644,0,0,0.0,0.04453746694610013
A_n1,quiet_market,20.002,observation_half_life,0.0,bias,5.0,price_displacement,1.524989116538006,1.7322123721736518,0,0,0.0,5.0
A_n1,quiet_market,20.002,forward_half_life,0.0,bias,5.0,price_displacement,1.524989116538006,1.7322123721736518,0,0,0.0,5.0
A_n1,quiet_market,20.002,reinforcement,0.0,price_displacement,0.010516805082733217,price_velocity,0.010516805082733217,0.019305637566659012,0,0,0.0,0.010254411806185512
A_n1,quiet_market,20.002,uncertainty,0.0,bias,0.10349751944918115,price_acceleration,-0.0075534717425333,0.005049124179135158,0,0,0.0,0.10349751944918115
A_n1,quiet_market,20.002,reversal_tendency,0.0,bias,0.004212416442928902,price_acceleration,-0.0023906124862156366,-0.004007732057786917,0,0,0.0,0.004212416442928902
A_n1,quiet_market,20.002,perturbation_state,0.0,bias,0.0,price_displacement,0.0,0.0,0,0,0.0,0.0
