experiment_id,term,count,min,max,mean,std,p01,p05,p50,p95,p99,abs_max
ALL,bias,13875,1.0,1.0,1.0,0.0,1.0,1.0,1.0,1.0,1.0,1.0
ALL,directional_volume,13875,-8.0,1.5887547924721763,-0.028654176490512853,0.7966193515374389,-2.5714408417916252,-1.4791069654368956,0.0,0.9090260774962838,1.2473013552620615,8.0
ALL,directional_volume^2,9250,0.0,64.0,0.6354234530742789,2.9438938036573385,0.0,0.0,0.05667779891011872,2.2560103421101427,6.612308002834022,64.0
ALL,directional_volume^3,4625,-512.0,4.010242366700306,-1.5216679846770287,20.780720472835295,-17.003158856993018,-3.2310874587022425,0.0,0.7505142424913865,1.940502393200369,512.0
ALL,price_acceleration,13875,-6.960568919477537,8.0,-0.025863444078500702,1.002940500036973,-2.157779708109153,-1.597450334021992,0.0,1.501673483800496,2.1621929197018797,8.0
ALL,price_acceleration^2,9250,0.0,64.0,1.0065585643540154,3.504244021459928,0.0,0.0,0.2179434911079748,3.563595277670686,5.6367064089561785,64.0
ALL,price_acceleration^3,4625,-337.23622086768984,512.0,0.4038490094199209,24.863475457719623,-10.046650951947433,-4.076449752537717,0.0,3.3863086228061565,10.10842103068018,512.0
ALL,price_displacement,13875,-7.844775584914058,8.0,-0.05698768333195762,1.062219876891189,-2.655838827766199,-1.5195801782883498,0.0,1.5720806032239525,1.8886617748213415,8.0
ALL,price_displacement^2,9250,0.0,64.0,1.1315586629142764,3.414402702818406,0.0,0.0,0.4587561356912473,3.1410115707454334,8.885558929572692,64.0
ALL,price_displacement^3,4625,-482.77144308728265,512.0,-0.5306738230311032,24.427675279164905,-18.732905733703166,-3.5088989353794453,0.0,3.8852988348319477,6.73693832922177,512.0
ALL,price_velocity,13875,-7.844775584914058,8.0,-0.06842635731996415,1.0627958130491948,-2.655838827766199,-1.4976672756497722,0.0,1.5768431492414758,2.0225064774417865,8.0
ALL,price_velocity^2,9250,0.0,64.0,1.1342171066109783,3.483551813027813,0.0,0.0,0.4168328366846083,3.1935243988523823,9.014638759168141,64.0
ALL,price_velocity^3,4625,-482.77144308728265,512.0,-0.39204534292309867,24.62753999399533,-18.732905733703166,-3.3592785851552263,0.0,3.920716919288825,8.27312837892791,512.0
ALL,price_velocity_x_acceleration,5550,-4.510354403633787,64.0,0.6985807468235257,2.9361732475239384,-1.1863476129485886,-0.33250051923329105,0.13097176964595725,2.6784739924726657,4.216498807079566,64.0
ALL,relative_volume,13875,-0.28915069087347356,0.0,-0.10694864129523737,0.08050942843145599,-0.27775262028247405,-0.2423795672559116,-0.12044302179781641,0.0,0.0,0.28915069087347356
ALL,relative_volume^2,9250,0.0,0.08360812203260706,0.01791977994125709,0.018304719149780817,0.0,0.0,0.014506521499789279,0.05874785462316297,0.07714651807378022,0.08360812203260706
ALL,relative_volume^3,4625,-0.02417534624836202,0.0,-0.003286395974751905,0.004614632771344202,-0.021427647540661697,-0.01423373290877939,-0.0017472092852096124,0.0,0.0,0.02417534624836202
ALL,relative_volume_x_price_velocity,5550,-1.245862871532394,0.9406611974034605,0.004426195014171452,0.1650427996831577,-0.46225178241248105,-0.2495331885174035,0.0,0.22727516994426925,0.3633709993785044,1.245862871532394
ALL,spread,13875,0.0,0.0,0.0,0.0,0.0,0.0,0.0,0.0,0.0,0.0
ALL,spread^2,9250,0.0,0.0,0.0,0.0,0.0,0.0,0.0,0.0,0.0,0.0
ALL,spread^3,4625,0.0,0.0,0.0,0.0,0.0,0.0,0.0,0.0,0.0,0.0
ALL,spread_change,13875,0.0,0.0,0.0,0.0,0.0,0.0,0.0,0.0,0.0,0.0
ALL,spread_change^2,9250,0.0,0.0,0.0,0.0,0.0,0.0,0.0,0.0,0.0,0.0
ALL,spread_change^3,4625,0.0,0.0,0.0,0.0,0.0,0.0,0.0,0.0,0.0,0.0
ALL,volume_density,13875,-0.28867587587652865,0.0,-0.10695653643586474,0.08051321221157604,-0.27735081366996556,-0.24253615543030138,-0.12038609497363227,0.0,0.0,0.28867587587652865
ALL,volume_density^2,9250,0.0,0.08333376131308098,0.017922078026982736,0.018306366561351435,0.0,0.0,0.014492811863000409,0.05882378669091131,0.07692347384339196,0.08333376131308098
ALL,volume_density^3,4625,-0.02405644653713923,0.0,-0.003286962998224361,0.0046154004827436,-0.021334788060785072,-0.014266893924078415,-0.0017447330253741516,0.0,0.0,0.02405644653713923
ALL,volume_density_x_price_displacement,5550,-1.1925712430354065,0.9376339612220924,0.003148708151781944,0.16199660027007592,-0.4322383634940802,-0.2488579436114247,0.0,0.22776550021345557,0.36329310881622906,1.1925712430354065
ALL,volume_log,13875,-0.3421510837869035,1.0793247263826191,-0.10638269012828161,0.09764453608637491,-0.30255604976969586,-0.25490557452011564,-0.11544719539430809,0.0,0.0,1.0793247263826191
ALL,volume_log^2,9250,0.0,1.1649418649809156,0.020851732186453358,0.04089209924220869,0.0,0.0,0.0134939332051714,0.06648579935279278,0.09367426301745213,1.1649418649809156
ALL,volume_log^3,4625,-0.04005472551539757,1.2573505596721848,-0.0027525745085613825,0.037781332383221455,-0.02769603018887162,-0.016556105193539478,-0.0015386865610846105,0.0,0.0,1.2573505596721848
ALL,volume_log_x_price_displacement,5550,-0.8529356894616443,4.186164872427432,0.009331454828659248,0.21487908734085634,-0.41183600929624925,-0.27096596324571115,0.0,0.25341548283356513,0.43427490245547185,4.186164872427432
ALL,volume_movement_abs,13875,-1.6964096383397962,8.0,0.08215665007418443,0.8305976790099914,-1.5443192514881505,-1.212590375781966,0.0,1.6158494091915832,2.24451872130474,8.0
ALL,volume_movement_abs^2,9250,0.0,64.0,0.6966422195281966,2.1344321633859438,0.0,0.0,0.13439094323293366,2.6800826271866978,5.037864290287466,64.0
ALL,volume_movement_abs^3,4625,-4.88193726067771,512.0,0.8552607779879596,15.218228755376902,-3.683080881479952,-1.7762689802393545,0.0,4.215629021410951,11.307580714942835,512.0
ALL,volume_movement_signed,13875,-7.774881765910586,8.0,-0.0427664136237693,0.9507518579087557,-2.4937026457640217,-1.44397054957385,0.0,1.5070528086772363,1.9320094587615355,8.0
ALL,volume_movement_signed^2,9250,0.0,64.0,0.9057580614511901,3.1045606867686275,0.0,0.0,0.14637688572810764,3.0830976661342575,6.925663272206182,64.0
ALL,volume_movement_signed^3,4625,-469.9821677272614,512.0,-0.4245237352037381,21.788246669027938,-15.507221783371106,-3.0106115125007595,0.0,3.4132736876845007,7.211535486519511,512.0
A_n1,bias,925,1.0,1.0,1.0,0.0,1.0,1.0,1.0,1.0,1.0,1.0
A_n1,directional_volume,925,0.0,0.0,0.0,0.0,0.0,0.0,0.0,0.0,0.0,0.0
A_n1,price_acceleration,925,-6.960568919477537,8.0,-0.025863444078500705,1.002940500036973,-2.1430042883437266,-1.5972227889853512,0.0,1.5008516325437204,2.160713751481732,8.0
A_n1,price_displacement,925,-7.844775584914058,8.0,-0.05698768333195762,1.062219876891189,-2.6341307454010177,-1.517601707852458,0.0,1.5715622615804228,1.888088523331769,8.0
A_n1,price_velocity,925,-7.844775584914058,8.0,-0.06842635731996415,1.0627958130491948,-2.6341307454010177,-1.496748148915679,0.0,1.5758906400379709,2.0165429683694724,8.0
A_n1,relative_volume,925,0.0,0.0,0.0,0.0,0.0,0.0,0.0,0.0,0.0,0.0
A_n1,spread,925,0.0,0.0,0.0,0.0,0.0,0.0,0.0,0.0,0.0,0.0
A_n1,spread_change,925,0.0,0.0,0.0,0.0,0.0,0.0,0.0,0.0,0.0,0.0
A_n1,volume_density,925,0.0,0.0,0.0,0.0,0.0,0.0,0.0,0.0,0.0,0.0
A_n1,volume_log,925,0.0,0.0,0.0,0.0,0.0,0.0,0.0,0.0,0.0,0.0
A_n1,volume_movement_abs,925,0.0,0.0,0.0,0.0,0.0,0.0,0.0,0.0,0.0,0.0
A_n1,volume_movement_signed,925,0.0,0.0,0.0,0.0,0.0,0.0,0.0,0.0,0.0,0.0
A_n2,bias,925,1.0,1.0,1.0,0.0,1.0,1.0,1.0,1.0,1.0,1.0
A_n2,directional_volume,925,0.0,0.0,0.0,0.0,0.0,0.0,0.0,0.0,0.0,0.0
A_n2,directional_volume^2,925,0.0,0.0,0.0,0.0,0.0,0.0,0.0,0.0,0.0,0.0
A_n2,price_acceleration,925,-6.960568919477537,8.0,-0.025863444078500705,1.002940500036973,-2.1430042883437266,-1.5972227889853512,0.0,1.5008516325437204,2.160713751481732,8.0
A_n2,price_acceleration^2,925,0.0,64.0,1.0065585643540156,3.504244021459928,0.0,0.0,0.2179434911079748,3.5504145960869544,5.598507875718631,64.0
A_n2,price_displacement,925,-7.844775584914058,8.0,-0.05698768333195762,1.062219876891189,-2.6341307454010177,-1.517601707852458,0.0,1.5715622615804228,1.888088523331769,8.0
A_n2,price_displacement^2,925,0.0,64.0,1.1315586629142762,3.414402702818406,0.0,0.0,0.4587561356912473,3.1305882481464837,8.445859957452159,64.0
A_n2,price_velocity,925,-7.844775584914058,8.0,-0.06842635731996415,1.0627958130491948,-2.6341307454010177,-1.496748148915679,0.0,1.5758906400379709,2.0165429683694724,8.0
A_n2,price_velocity^2,925,0.0,64.0,1.1342171066109783,3.4835518130278125,0.0,0.0,0.4168328366846083,3.188556524494023,8.983659600065232,64.0
A_n2,relative_volume,925,0.0,0.0,0.0,0.0,0.0,0.0,0.0,0.0,0.0,0.0
A_n2,relative_volume^2,925,0.0,0.0,0.0,0.0,0.0,0.0,0.0,0.0,0.0,0.0
A_n2,spread,925,0.0,0.0,0.0,0.0,0.0,0.0,0.0,0.0,0.0,0.0
A_n2,spread^2,925,0.0,0.0,0.0,0.0,0.0,0.0,0.0,0.0,0.0,0.0
A_n2,spread_change,925,0.0,0.0,0.0,0.0,0.0,0.0,0.0,0.0,0.0,0.0
A_n2,spread_change^2,925,0.0,0.0,0.0,0.0,0.0,0.0,0.0,0.0,0.0,0.0
A_n2,volume_density,925,0.0,0.0,0.0,0.0,0.0,0.0,0.0,0.0,0.0,0.0
A_n2,volume_density^2,925,0.0,0.0,0.0,0.0,0.0,0.0,0.0,0.0,0.0,0.0
A_n2,volume_log,925,0.0,0.0,0.0,0.0,0.0,0.0,0.0,0.0,0.0,0.0
A_n2,volume_log^2,925,0.0,0.0,0.0,0.0,0.0,0.0,0.0,0.0,0.0,0.0
A_n2,volume_movement_abs,925,0.0,0.0,0.0,0.0,0.0,0.0,0.0,0.0,0.0,0.0
A_n2,volume_movement_abs^2,925,0.0,0.0,0.0,0.0,0.0,0.0,0.0,0.0,0.0,0.0
A_n2,volume_movement_signed,925,0.0,0.0,0.0,0.0,0.0,0.0,0.0,0.0,0.0,0.0
A_n2,volume_movement_signed^2,925,0.0,0.0,0.0,0.0,0.0,0.0,0.0,0.0,0.0,0.0
A_n3,bias,925,1.0,1.0,1.0,0.0,1.0,1.0,1.0,1.0,1.0,1.0
A_n3,directional_volume,925,0.0,0.0,0.0,0.0,0.0,0.0,0.0,0.0,0.0,0.0
A_n3,directional_volume^2,925,0.0,0.0,0.0,0.0,0.0,0.0,0.0,0.0,0.0,0.0
A_n3,directional_volume^3,925,0.0,0.0,0.0,0.0,0.0,0.0,0.0,0.0,0.0,0.0
A_n3,price_acceleration,925,-6.960568919477537,8.0,-0.025863444078500705,1.002940500036973,-2.1430042883437266,-1.5972227889853512,0.0,1.5008516325437204,2.160713751481732,8.0
A_n3,price_acceleration^2,925,0.0,64.0,1.0065585643540156,3.504244021459928,0.0,0.0,0.2179434911079748,3.5504145960869544,5.598507875718631,64.0
A_n3,price_acceleration^3,925,-337.23622086768984,512.0,0.40384900941992075,24.86347545771962,-9.846099692160317,-4.0747090121586,0.0,3.38076394219091,10.08773442741331,512.0
A_n3,price_displacement,925,-7.844775584914058,8.0,-0.05698768333195762,1.062219876891189,-2.6341307454010177,-1.517601707852458,0.0,1.5715622615804228,1.888088523331769,8.0
A_n3,price_displacement^2,925,0.0,64.0,1.1315586629142762,3.414402702818406,0.0,0.0,0.4587561356912473,3.1305882481464837,8.445859957452159,64.0
A_n3,price_displacement^3,925,-482.77144308728265,512.0,-0.5306738230311032,24.427675279164905,-18.289019814110105,-3.495282363976001,0.0,3.8814620202965506,6.730811645382522,512.0
A_n3,price_velocity,925,-7.844775584914058,8.0,-0.06842635731996415,1.0627958130491948,-2.6341307454010177,-1.496748148915679,0.0,1.5758906400379709,2.0165429683694724,8.0
A_n3,price_velocity^2,925,0.0,64.0,1.1342171066109783,3.4835518130278125,0.0,0.0,0.4168328366846083,3.188556524494023,8.983659600065232,64.0
A_n3,price_velocity^3,925,-482.77144308728265,512.0,-0.39204534292309867,24.627539993995324,-18.289019814110105,-3.3531127202114126,0.0,3.913633302397448,8.200842005889983,512.0
A_n3,relative_volume,925,0.0,0.0,0.0,0.0,0.0,0.0,0.0,0.0,0.0,0.0
A_n3,relative_volume^2,925,0.0,0.0,0.0,0.0,0.0,0.0,0.0,0.0,0.0,0.0
A_n3,relative_volume^3,925,0.0,0.0,0.0,0.0,0.0,0.0,0.0,0.0,0.0,0.0
A_n3,spread,925,0.0,0.0,0.0,0.0,0.0,0.0,0.0,0.0,0.0,0.0
A_n3,spread^2,925,0.0,0.0,0.0,0.0,0.0,0.0,0.0,0.0,0.0,0.0
A_n3,spread^3,925,0.0,0.0,0.0,0.0,0.0,0.0,0.0,0.0,0.0,0.0
A_n3,spread_change,925,0.0,0.0,0.0,0.0,0.0,0.0,0.0,0.0,0.0,0.0
A_n3,spread_change^2,925,0.0,0.0,0.0,0.0,0.0,0.0,0.0,0.0,0.0,0.0
A_n3,spread_change^3,925,0.0,0.0,0.0,0.0,0.0,0.0,0.0,0.0,0.0,0.0
A_n3,volume_density,925,0.0,0.0,0.0,0.0,0.0,0.0,0.0,0.0,0.0,0.0
A_n3,volume_density^2,925,0.0,0.0,0.0,0.0,0.0,0.0,0.0,0.0,0.0,0.0
A_n3,volume_density^3,925,0.0,0.0,0.0,0.0,0.0,0.0,0.0,0.0,0.0,0.0
A_n3,volume_log,925,0.0,0.0,0.0,0.0,0.0,0.0,0.0,0.0,0.0,0.0
A_n3,volume_log^2,925,0.0,0.0,0.0,0.0,0.0,0.0,0.0,0.0,0.0,0.0
A_n3,volume_log^3,925,0.0,0.0,0.0,0.0,0.0,0.0,0.0,0.0,0.0,0.0
A_n3,volume_movement_abs,925,0.0,0.0,0.0,0.0,0.0,0.0,0.0,0.0,0.0,0.0
A_n3,volume_movement_abs^2,925,0.0,0.0,0.0,0.0,0.0,0.0,0.0,0.0,0.0,0.0
A_n3,volume_movement_abs^3,925,0.0,0.0,0.0,0.0,0.0,0.0,0.0,0.0,0.0,0.0
A_n3,volume_movement_signed,925,0.0,0.0,0.0,0.0,0.0,0.0,0.0,0.0,0.0,0.0
A_n3,volume_movement_signed^2,925,0.0,0.0,0.0,0.0,0.0,0.0,0.0,0.0,0.0,0.0
A_n3,volume_movement_signed^3,925,0.0,0.0,0.0,0.0,0.0,0.0,0.0,0.0,0.0,0.0
B_n1,bias,925,1.0,1.0,1.0,0.0,1.0,1.0,1.0,1.0,1.0,1.0
B_n1,directional_volume,925,-8.0,1.5887547924721763,-0.03581772061314107,0.890503457170677,-2.7579340451539784,-1.558095735980293,0.06238053458220185,0.9497262307260884,1.2525317615193707,8.0
B_n1,price_acceleration,925,-6.960568919477537,8.0,-0.025863444078500705,1.002940500036973,-2.1430042883437266,-1.5972227889853512,0.0,1.5008516325437204,2.160713751481732,8.0
B_n1,price_displacement,925,-7.844775584914058,8.0,-0.05698768333195762,1.062219876891189,-2.6341307454010177,-1.517601707852458,0.0,1.5715622615804228,1.888088523331769,8.0
B_n1,price_velocity,925,-7.844775584914058,8.0,-0.06842635731996415,1.0627958130491948,-2.6341307454010177,-1.496748148915679,0.0,1.5758906400379709,2.0165429683694724,8.0
B_n1,relative_volume,925,-0.28915069087347356,0.0,-0.13368580161904675,0.06728916236693874,-0.28562610263620675,-0.24963694328219835,-0.13158655143595155,0.0,0.0,0.28915069087347356
B_n1,spread,925,0.0,0.0,0.0,0.0,0.0,0.0,0.0,0.0,0.0,0.0
B_n1,spread_change,925,0.0,0.0,0.0,0.0,0.0,0.0,0.0,0.0,0.0,0.0
B_n1,volume_density,925,-0.28867587587652865,0.0,-0.13369567054483092,0.06729089991444942,-0.2859573060958147,-0.2500005458784254,-0.13130693298150653,0.0,0.0,0.28867587587652865
B_n1,volume_log,925,-0.3421510837869035,1.0793247263826191,-0.132978362660352,0.0915500971995038,-0.30523007952311965,-0.26185094302463685,-0.14193155190324594,0.0,0.0,1.0793247263826191
B_n1,volume_movement_abs,925,-1.6964096383397962,8.0,0.10269581259273054,0.9275000509359362,-1.5471169160908858,-1.263459162526229,0.0,1.698809804607686,2.302559805586063,8.0
B_n1,volume_movement_signed,925,-7.774881765910586,8.0,-0.05345801702971164,1.062704012050975,-2.6589389685387848,-1.51901572821799,0.0,1.5876532927169165,1.9802533523724715,8.0
B_n2,bias,925,1.0,1.0,1.0,0.0,1.0,1.0,1.0,1.0,1.0,1.0
B_n2,directional_volume,925,-8.0,1.5887547924721763,-0.03581772061314107,0.890503457170677,-2.7579340451539784,-1.558095735980293,0.06238053458220185,0.9497262307260884,1.2525317615193707,8.0
B_n2,directional_volume^2,925,0.0,64.0,0.7942793163428488,3.2721495201993864,0.0,0.0,0.16835536520714145,2.466440828159508,7.6068136254065735,64.0
B_n2,price_acceleration,925,-6.960568919477537,8.0,-0.025863444078500705,1.002940500036973,-2.1430042883437266,-1.5972227889853512,0.0,1.5008516325437204,2.160713751481732,8.0
B_n2,price_acceleration^2,925,0.0,64.0,1.0065585643540156,3.504244021459928,0.0,0.0,0.2179434911079748,3.5504145960869544,5.598507875718631,64.0
B_n2,price_displacement,925,-7.844775584914058,8.0,-0.05698768333195762,1.062219876891189,-2.6341307454010177,-1.517601707852458,0.0,1.5715622615804228,1.888088523331769,8.0
B_n2,price_displacement^2,925,0.0,64.0,1.1315586629142762,3.414402702818406,0.0,0.0,0.4587561356912473,3.1305882481464837,8.445859957452159,64.0
B_n2,price_velocity,925,-7.844775584914058,8.0,-0.06842635731996415,1.0627958130491948,-2.6341307454010177,-1.496748148915679,0.0,1.5758906400379709,2.0165429683694724,8.0
B_n2,price_velocity^2,925,0.0,64.0,1.1342171066109783,3.4835518130278125,0.0,0.0,0.4168328366846083,3.188556524494023,8.983659600065232,64.0
B_n2,relative_volume,925,-0.28915069087347356,0.0,-0.13368580161904675,0.06728916236693874,-0.28562610263620675,-0.24963694328219835,-0.13158655143595155,0.0,0.0,0.28915069087347356
B_n2,relative_volume^2,925,0.0,0.08360812203260706,0.022399724926571364,0.017845976957937274,0.0,0.0,0.01731502051880632,0.06231860758257156,0.08160128778945701,0.08360812203260706
B_n2,spread,925,0.0,0.0,0.0,0.0,0.0,0.0,0.0,0.0,0.0,0.0
B_n2,spread^2,925,0.0,0.0,0.0,0.0,0.0,0.0,0.0,0.0,0.0,0.0
B_n2,spread_change,925,0.0,0.0,0.0,0.0,0.0,0.0,0.0,0.0,0.0,0.0
B_n2,spread_change^2,925,0.0,0.0,0.0,0.0,0.0,0.0,0.0,0.0,0.0,0.0
B_n2,volume_density,925,-0.28867587587652865,0.0,-0.13369567054483092,0.06729089991444942,-0.2859573060958147,-0.2500005458784254,-0.13130693298150653,0.0,0.0,0.28867587587652865
B_n2,volume_density^2,925,0.0,0.08333376131308098,0.02240259753372842,0.01784736802995233,0.0,0.0,0.017241510649009847,0.06250027293951069,0.0817949717506687,0.08333376131308098
B_n2,volume_log,925,-0.3421510837869035,1.0793247263826191,-0.132978362660352,0.0915500971995038,-0.30523007952311965,-0.26185094302463685,-0.14193155190324594,0.0,0.0,1.0793247263826191
B_n2,volume_log^2,925,0.0,1.1649418649809156,0.0260646652330667,0.044207820244849656,0.0,0.0,0.020309707362199007,0.07019376883127429,0.09623335175255872,1.1649418649809156
B_n2,volume_movement_abs,925,-1.6964096383397962,8.0,0.10269581259273054,0.9275000509359362,-1.5471169160908858,-1.263459162526229,0.0,1.698809804607686,2.302559805586063,8.0
B_n2,volume_movement_abs^2,925,0.0,64.0,0.8708027744102458,2.3543770578937404,0.0,0.0,0.32925950038092805,2.8937214044698507,5.301788350349908,64.0
B_n2,volume_movement_signed,925,-7.774881765910586,8.0,-0.05345801702971164,1.062704012050975,-2.6589389685387848,-1.51901572821799,0.0,1.5876532927169165,1.9802533523724715,8.0
B_n2,volume_movement_signed^2,925,0.0,64.0,1.1321975768139878,3.433874932448461,0.0,0.0,0.4436894287634986,3.2901163248276597,8.54191602106525,64.0
B_n3,bias,925,1.0,1.0,1.0,0.0,1.0,1.0,1.0,1.0,1.0,1.0
B_n3,directional_volume,925,-8.0,1.5887547924721763,-0.03581772061314107,0.890503457170677,-2.7579340451539784,-1.558095735980293,0.06238053458220185,0.9497262307260884,1.2525317615193707,8.0
B_n3,directional_volume^2,925,0.0,64.0,0.7942793163428488,3.2721495201993864,0.0,0.0,0.16835536520714145,2.466440828159508,7.6068136254065735,64.0
B_n3,directional_volume^3,925,-512.0,4.010242366700306,-1.9020849808462854,23.21797458345092,-20.98245536201904,-3.782541775945077,0.00024274331392755346,0.85664877754049,1.9650194330553021,512.0
B_n3,price_acceleration,925,-6.960568919477537,8.0,-0.025863444078500705,1.002940500036973,-2.1430042883437266,-1.5972227889853512,0.0,1.5008516325437204,2.160713751481732,8.0
B_n3,price_acceleration^2,925,0.0,64.0,1.0065585643540156,3.504244021459928,0.0,0.0,0.2179434911079748,3.5504145960869544,5.598507875718631,64.0
B_n3,price_acceleration^3,925,-337.23622086768984,512.0,0.40384900941992075,24.86347545771962,-9.846099692160317,-4.0747090121586,0.0,3.38076394219091,10.08773442741331,512.0
B_n3,price_displacement,925,-7.844775584914058,8.0,-0.05698768333195762,1.062219876891189,-2.6341307454010177,-1.517601707852458,0.0,1.5715622615804228,1.888088523331769,8.0
B_n3,price_displacement^2,925,0.0,64.0,1.1315586629142762,3.414402702818406,0.0,0.0,0.4587561356912473,3.1305882481464837,8.445859957452159,64.0
B_n3,price_displacement^3,925,-482.77144308728265,512.0,-0.5306738230311032,24.427675279164905,-18.289019814110105,-3.495282363976001,0.0,3.8814620202965506,6.730811645382522,512.0
B_n3,price_velocity,925,-7.844775584914058,8.0,-0.06842635731996415,1.0627958130491948,-2.6341307454010177,-1.496748148915679,0.0,1.5758906400379709,2.0165429683694724,8.0
B_n3,price_velocity^2,925,0.0,64.0,1.1342171066109783,3.4835518130278125,0.0,0.0,0.4168328366846083,3.188556524494023,8.983659600065232,64.0
B_n3,price_velocity^3,925,-482.77144308728265,512.0,-0.39204534292309867,24.627539993995324,-18.289019814110105,-3.3531127202114126,0.0,3.913633302397448,8.200842005889983,512.0
B_n3,relative_volume,925,-0.28915069087347356,0.0,-0.13368580161904675,0.06728916236693874,-0.28562610263620675,-0.24963694328219835,-0.13158655143595155,0.0,0.0,0.28915069087347356
B_n3,relative_volume^2,925,0.0,0.08360812203260706,0.022399724926571364,0.017845976957937274,0.0,0.0,0.01731502051880632,0.06231860758257156,0.08160128778945701,0.08360812203260706
B_n3,relative_volume^3,925,-0.02417534624836202,0.0,-0.004107994968439882,0.004821143016527238,-0.023318220490914178,-0.015557028768763918,-0.0022784238381124643,0.0,0.0,0.02417534624836202
B_n3,spread,925,0.0,0.0,0.0,0.0,0.0,0.0,0.0,0.0,0.0,0.0
B_n3,spread^2,925,0.0,0.0,0.0,0.0,0.0,0.0,0.0,0.0,0.0,0.0
B_n3,spread^3,925,0.0,0.0,0.0,0.0,0.0,0.0,0.0,0.0,0.0,0.0
B_n3,spread_change,925,0.0,0.0,0.0,0.0,0.0,0.0,0.0,0.0,0.0,0.0
B_n3,spread_change^2,925,0.0,0.0,0.0,0.0,0.0,0.0,0.0,0.0,0.0,0.0
B_n3,spread_change^3,925,0.0,0.0,0.0,0.0,0.0,0.0,0.0,0.0,0.0,0.0
B_n3,volume_density,925,-0.28867587587652865,0.0,-0.13369567054483092,0.06729089991444942,-0.2859573060958147,-0.2500005458784254,-0.13130693298150653,0.0,0.0,0.28867587587652865
B_n3,volume_density^2,925,0.0,0.08333376131308098,0.02240259753372842,0.01784736802995233,0.0,0.0,0.017241510649009847,0.06250027293951069,0.0817949717506687,0.08333376131308098
B_n3,volume_density^3,925,-0.02405644653713923,0.0,-0.004108703747780451,0.004821940763088271,-0.02340310959794222,-0.01562510235242825,-0.002263929883289467,0.0,0.0,0.02405644653713923
B_n3,volume_log,925,-0.3421510837869035,1.0793247263826191,-0.132978362660352,0.0915500971995038,-0.30523007952311965,-0.26185094302463685,-0.14193155190324594,0.0,0.0,1.0793247263826191
B_n3,volume_log^2,925,0.0,1.1649418649809156,0.0260646652330667,0.044207820244849656,0.0,0.0,0.020309707362199007,0.07019376883127429,0.09623335175255872,1.1649418649809156
B_n3,volume_log^3,925,-0.04005472551539757,1.2573505596721848,-0.0034407181357017282,0.04221277813123004,-0.0284388882676171,-0.017954197285893064,-0.0028591494332809346,0.0,0.0,1.2573505596721848
B_n3,volume_movement_abs,925,-1.6964096383397962,8.0,0.10269581259273054,0.9275000509359362,-1.5471169160908858,-1.263459162526229,0.0,1.698809804607686,2.302559805586063,8.0
B_n3,volume_movement_abs^2,925,0.0,64.0,0.8708027744102458,2.3543770578937404,0.0,0.0,0.32925950038092805,2.8937214044698507,5.301788350349908,64.0
B_n3,volume_movement_abs^3,925,-4.88193726067771,512.0,1.0690759724849497,17.007778319837563,-3.7031343652780735,-2.016918565236827,0.0,4.9029308673113565,12.20771554984996,512.0
B_n3,volume_movement_signed,925,-7.774881765910586,8.0,-0.05345801702971164,1.062704012050975,-2.6589389685387848,-1.51901572821799,0.0,1.5876532927169165,1.9802533523724715,8.0
B_n3,volume_movement_signed^2,925,0.0,64.0,1.1321975768139878,3.433874932448461,0.0,0.0,0.4436894287634986,3.2901163248276597,8.54191602106525,64.0
B_n3,volume_movement_signed^3,925,-469.9821677272614,512.0,-0.5306546690046723,24.358844333474888,-18.80045203177736,-3.5050470088392522,0.0,4.001923100666585,7.7656711339017885,512.0
C_n1,bias,925,1.0,1.0,1.0,0.0,1.0,1.0,1.0,1.0,1.0,1.0
C_n1,directional_volume,925,-8.0,1.5887547924721763,-0.03581772061314107,0.890503457170677,-2.7579340451539784,-1.558095735980293,0.06238053458220185,0.9497262307260884,1.2525317615193707,8.0
C_n1,price_acceleration,925,-6.960568919477537,8.0,-0.025863444078500705,1.002940500036973,-2.1430042883437266,-1.5972227889853512,0.0,1.5008516325437204,2.160713751481732,8.0
C_n1,price_displacement,925,-7.844775584914058,8.0,-0.05698768333195762,1.062219876891189,-2.6341307454010177,-1.517601707852458,0.0,1.5715622615804228,1.888088523331769,8.0
C_n1,price_velocity,925,-7.844775584914058,8.0,-0.06842635731996415,1.0627958130491948,-2.6341307454010177,-1.496748148915679,0.0,1.5758906400379709,2.0165429683694724,8.0
C_n1,relative_volume,925,-0.28915069087347356,0.0,-0.13368580161904675,0.06728916236693874,-0.28562610263620675,-0.24963694328219835,-0.13158655143595155,0.0,0.0,0.28915069087347356
C_n1,spread,925,0.0,0.0,0.0,0.0,0.0,0.0,0.0,0.0,0.0,0.0
C_n1,spread_change,925,0.0,0.0,0.0,0.0,0.0,0.0,0.0,0.0,0.0,0.0
C_n1,volume_density,925,-0.28867587587652865,0.0,-0.13369567054483092,0.06729089991444942,-0.2859573060958147,-0.2500005458784254,-0.13130693298150653,0.0,0.0,0.28867587587652865
C_n1,volume_log,925,-0.3421510837869035,1.0793247263826191,-0.132978362660352,0.0915500971995038,-0.30523007952311965,-0.26185094302463685,-0.14193155190324594,0.0,0.0,1.0793247263826191
C_n1,volume_movement_abs,925,-1.6964096383397962,8.0,0.10269581259273054,0.9275000509359362,-1.5471169160908858,-1.263459162526229,0.0,1.698809804607686,2.302559805586063,8.0
C_n1,volume_movement_signed,925,-7.774881765910586,8.0,-0.05345801702971164,1.062704012050975,-2.6589389685387848,-1.51901572821799,0.0,1.5876532927169165,1.9802533523724715,8.0
C_n2,bias,925,1.0,1.0,1.0,0.0,1.0,1.0,1.0,1.0,1.0,1.0
C_n2,directional_volume,925,-8.0,1.5887547924721763,-0.03581772061314107,0.890503457170677,-2.7579340451539784,-1.558095735980293,0.06238053458220185,0.9497262307260884,1.2525317615193707,8.0
C_n2,directional_volume^2,925,0.0,64.0,0.7942793163428488,3.2721495201993864,0.0,0.0,0.16835536520714145,2.466440828159508,7.6068136254065735,64.0
C_n2,price_acceleration,925,-6.960568919477537,8.0,-0.025863444078500705,1.002940500036973,-2.1430042883437266,-1.5972227889853512,0.0,1.5008516325437204,2.160713751481732,8.0
C_n2,price_acceleration^2,925,0.0,64.0,1.0065585643540156,3.504244021459928,0.0,0.0,0.2179434911079748,3.5504145960869544,5.598507875718631,64.0
C_n2,price_displacement,925,-7.844775584914058,8.0,-0.05698768333195762,1.062219876891189,-2.6341307454010177,-1.517601707852458,0.0,1.5715622615804228,1.888088523331769,8.0
C_n2,price_displacement^2,925,0.0,64.0,1.1315586629142762,3.414402702818406,0.0,0.0,0.4587561356912473,3.1305882481464837,8.445859957452159,64.0
C_n2,price_velocity,925,-7.844775584914058,8.0,-0.06842635731996415,1.0627958130491948,-2.6341307454010177,-1.496748148915679,0.0,1.5758906400379709,2.0165429683694724,8.0
C_n2,price_velocity^2,925,0.0,64.0,1.1342171066109783,3.4835518130278125,0.0,0.0,0.4168328366846083,3.188556524494023,8.983659600065232,64.0
C_n2,relative_volume,925,-0.28915069087347356,0.0,-0.13368580161904675,0.06728916236693874,-0.28562610263620675,-0.24963694328219835,-0.13158655143595155,0.0,0.0,0.28915069087347356
C_n2,relative_volume^2,925,0.0,0.08360812203260706,0.022399724926571364,0.017845976957937274,0.0,0.0,0.01731502051880632,0.06231860758257156,0.08160128778945701,0.08360812203260706
C_n2,spread,925,0.0,0.0,0.0,0.0,0.0,0.0,0.0,0.0,0.0,0.0
C_n2,spread^2,925,0.0,0.0,0.0,0.0,0.0,0.0,0.0,0.0,0.0,0.0
C_n2,spread_change,925,0.0,0.0,0.0,0.0,0.0,0.0,0.0,0.0,0.0,0.0
C_n2,spread_change^2,925,0.0,0.0,0.0,0.0,0.0,0.0,0.0,0.0,0.0,0.0
C_n2,volume_density,925,-0.28867587587652865,0.0,-0.13369567054483092,0.06729089991444942,-0.2859573060958147,-0.2500005458784254,-0.13130693298150653,0.0,0.0,0.28867587587652865
C_n2,volume_density^2,925,0.0,0.08333376131308098,0.02240259753372842,0.01784736802995233,0.0,0.0,0.017241510649009847,0.06250027293951069,0.0817949717506687,0.08333376131308098
C_n2,volume_log,925,-0.3421510837869035,1.0793247263826191,-0.132978362660352,0.0915500971995038,-0.30523007952311965,-0.26185094302463685,-0.14193155190324594,0.0,0.0,1.0793247263826191
C_n2,volume_log^2,925,0.0,1.1649418649809156,0.0260646652330667,0.044207820244849656,0.0,0.0,0.020309707362199007,0.07019376883127429,0.09623335175255872,1.1649418649809156
C_n2,volume_movement_abs,925,-1.6964096383397962,8.0,0.10269581259273054,0.9275000509359362,-1.5471169160908858,-1.263459162526229,0.0,1.698809804607686,2.302559805586063,8.0
C_n2,volume_movement_abs^2,925,0.0,64.0,0.8708027744102458,2.3543770578937404,0.0,0.0,0.32925950038092805,2.8937214044698507,5.301788350349908,64.0
C_n2,volume_movement_signed,925,-7.774881765910586,8.0,-0.05345801702971164,1.062704012050975,-2.6589389685387848,-1.51901572821799,0.0,1.5876532927169165,1.9802533523724715,8.0
C_n2,volume_movement_signed^2,925,0.0,64.0,1.1321975768139878,3.433874932448461,0.0,0.0,0.4436894287634986,3.2901163248276597,8.54191602106525,64.0
C_n3,bias,925,1.0,1.0,1.0,0.0,1.0,1.0,1.0,1.0,1.0,1.0
C_n3,directional_volume,925,-8.0,1.5887547924721763,-0.03581772061314107,0.890503457170677,-2.7579340451539784,-1.558095735980293,0.06238053458220185,0.9497262307260884,1.2525317615193707,8.0
C_n3,directional_volume^2,925,0.0,64.0,0.7942793163428488,3.2721495201993864,0.0,0.0,0.16835536520714145,2.466440828159508,7.6068136254065735,64.0
C_n3,directional_volume^3,925,-512.0,4.010242366700306,-1.9020849808462854,23.21797458345092,-20.98245536201904,-3.782541775945077,0.00024274331392755346,0.85664877754049,1.9650194330553021,512.0
C_n3,price_acceleration,925,-6.960568919477537,8.0,-0.025863444078500705,1.002940500036973,-2.1430042883437266,-1.5972227889853512,0.0,1.5008516325437204,2.160713751481732,8.0
C_n3,price_acceleration^2,925,0.0,64.0,1.0065585643540156,3.504244021459928,0.0,0.0,0.2179434911079748,3.5504145960869544,5.598507875718631,64.0
C_n3,price_acceleration^3,925,-337.23622086768984,512.0,0.40384900941992075,24.86347545771962,-9.846099692160317,-4.0747090121586,0.0,3.38076394219091,10.08773442741331,512.0
C_n3,price_displacement,925,-7.844775584914058,8.0,-0.05698768333195762,1.062219876891189,-2.6341307454010177,-1.517601707852458,0.0,1.5715622615804228,1.888088523331769,8.0
C_n3,price_displacement^2,925,0.0,64.0,1.1315586629142762,3.414402702818406,0.0,0.0,0.4587561356912473,3.1305882481464837,8.445859957452159,64.0
C_n3,price_displacement^3,925,-482.77144308728265,512.0,-0.5306738230311032,24.427675279164905,-18.289019814110105,-3.495282363976001,0.0,3.8814620202965506,6.730811645382522,512.0
C_n3,price_velocity,925,-7.844775584914058,8.0,-0.06842635731996415,1.0627958130491948,-2.6341307454010177,-1.496748148915679,0.0,1.5758906400379709,2.0165429683694724,8.0
C_n3,price_velocity^2,925,0.0,64.0,1.1342171066109783,3.4835518130278125,0.0,0.0,0.4168328366846083,3.188556524494023,8.983659600065232,64.0
C_n3,price_velocity^3,925,-482.77144308728265,512.0,-0.39204534292309867,24.627539993995324,-18.289019814110105,-3.3531127202114126,0.0,3.913633302397448,8.200842005889983,512.0
C_n3,relative_volume,925,-0.28915069087347356,0.0,-0.13368580161904675,0.06728916236693874,-0.28562610263620675,-0.24963694328219835,-0.13158655143595155,0.0,0.0,0.28915069087347356
C_n3,relative_volume^2,925,0.0,0.08360812203260706,0.022399724926571364,0.017845976957937274,0.0,0.0,0.01731502051880632,0.06231860758257156,0.08160128778945701,0.08360812203260706
C_n3,relative_volume^3,925,-0.02417534624836202,0.0,-0.004107994968439882,0.004821143016527238,-0.023318220490914178,-0.015557028768763918,-0.0022784238381124643,0.0,0.0,0.02417534624836202
C_n3,spread,925,0.0,0.0,0.0,0.0,0.0,0.0,0.0,0.0,0.0,0.0
C_n3,spread^2,925,0.0,0.0,0.0,0.0,0.0,0.0,0.0,0.0,0.0,0.0
C_n3,spread^3,925,0.0,0.0,0.0,0.0,0.0,0.0,0.0,0.0,0.0,0.0
C_n3,spread_change,925,0.0,0.0,0.0,0.0,0.0,0.0,0.0,0.0,0.0,0.0
C_n3,spread_change^2,925,0.0,0.0,0.0,0.0,0.0,0.0,0.0,0.0,0.0,0.0
C_n3,spread_change^3,925,0.0,0.0,0.0,0.0,0.0,0.0,0.0,0.0,0.0,0.0
C_n3,volume_density,925,-0.28867587587652865,0.0,-0.13369567054483092,0.06729089991444942,-0.2859573060958147,-0.2500005458784254,-0.13130693298150653,0.0,0.0,0.28867587587652865
C_n3,volume_density^2,925,0.0,0.08333376131308098,0.02240259753372842,0.01784736802995233,0.0,0.0,0.017241510649009847,0.06250027293951069,0.0817949717506687,0.08333376131308098
C_n3,volume_density^3,925,-0.02405644653713923,0.0,-0.004108703747780451,0.004821940763088271,-0.02340310959794222,-0.01562510235242825,-0.002263929883289467,0.0,0.0,0.02405644653713923
C_n3,volume_log,925,-0.3421510837869035,1.0793247263826191,-0.132978362660352,0.0915500971995038,-0.30523007952311965,-0.26185094302463685,-0.14193155190324594,0.0,0.0,1.0793247263826191
C_n3,volume_log^2,925,0.0,1.1649418649809156,0.0260646652330667,0.044207820244849656,0.0,0.0,0.020309707362199007,0.07019376883127429,0.09623335175255872,1.1649418649809156
C_n3,volume_log^3,925,-0.04005472551539757,1.2573505596721848,-0.0034407181357017282,0.04221277813123004,-0.0284388882676171,-0.017954197285893064,-0.0028591494332809346,0.0,0.0,1.2573505596721848
C_n3,volume_movement_abs,925,-1.6964096383397962,8.0,0.10269581259273054,0.9275000509359362,-1.5471169160908858,-1.263459162526229,0.0,1.698809804607686,2.302559805586063,8.0
C_n3,volume_movement_abs^2,925,0.0,64.0,0.8708027744102458,2.3543770578937404,0.0,0.0,0.32925950038092805,2.8937214044698507,5.301788350349908,64.0
C_n3,volume_movement_abs^3,925,-4.88193726067771,512.0,1.0690759724849497,17.007778319837563,-3.7031343652780735,-2.016918565236827,0.0,4.9029308673113565,12.20771554984996,512.0
C_n3,volume_movement_signed,925,-7.774881765910586,8.0,-0.05345801702971164,1.062704012050975,-2.6589389685387848,-1.51901572821799,0.0,1.5876532927169165,1.9802533523724715,8.0
C_n3,volume_movement_signed^2,925,0.0,64.0,1.1321975768139878,3.433874932448461,0.0,0.0,0.4436894287634986,3.2901163248276597,8.54191602106525,64.0
C_n3,volume_movement_signed^3,925,-469.9821677272614,512.0,-0.5306546690046723,24.358844333474888,-18.80045203177736,-3.5050470088392522,0.0,4.001923100666585,7.7656711339017885,512.0
D_n1,bias,925,1.0,1.0,1.0,0.0,1.0,1.0,1.0,1.0,1.0,1.0
D_n1,directional_volume,925,-8.0,1.5887547924721763,-0.03581772061314107,0.890503457170677,-2.7579340451539784,-1.558095735980293,0.06238053458220185,0.9497262307260884,1.2525317615193707,8.0
D_n1,price_acceleration,925,-6.960568919477537,8.0,-0.025863444078500705,1.002940500036973,-2.1430042883437266,-1.5972227889853512,0.0,1.5008516325437204,2.160713751481732,8.0
D_n1,price_displacement,925,-7.844775584914058,8.0,-0.05698768333195762,1.062219876891189,-2.6341307454010177,-1.517601707852458,0.0,1.5715622615804228,1.888088523331769,8.0
D_n1,price_velocity,925,-7.844775584914058,8.0,-0.06842635731996415,1.0627958130491948,-2.6341307454010177,-1.496748148915679,0.0,1.5758906400379709,2.0165429683694724,8.0
D_n1,price_velocity_x_acceleration,925,-4.510354403633787,64.0,0.6985807468235256,2.9361732475239384,-1.180169944190142,-0.3313861329900572,0.13097176964595725,2.677769218174314,4.196033993045745,64.0
D_n1,relative_volume,925,-0.28915069087347356,0.0,-0.13368580161904675,0.06728916236693874,-0.28562610263620675,-0.24963694328219835,-0.13158655143595155,0.0,0.0,0.28915069087347356
D_n1,relative_volume_x_price_velocity,925,-1.245862871532394,0.9406611974034605,0.00442619501417145,0.1650427996831577,-0.4565535891142736,-0.24948322043420262,0.0,0.22674846409764396,0.36122783579292495,1.245862871532394
D_n1,spread,925,0.0,0.0,0.0,0.0,0.0,0.0,0.0,0.0,0.0,0.0
D_n1,spread_change,925,0.0,0.0,0.0,0.0,0.0,0.0,0.0,0.0,0.0,0.0
D_n1,volume_density,925,-0.28867587587652865,0.0,-0.13369567054483092,0.06729089991444942,-0.2859573060958147,-0.2500005458784254,-0.13130693298150653,0.0,0.0,0.28867587587652865
D_n1,volume_density_x_price_displacement,925,-1.1925712430354065,0.9376339612220924,0.003148708151781945,0.1619966002700759,-0.43011656697680467,-0.24862622387726102,0.0,0.2277366317274665,0.3608730836235326,1.1925712430354065
D_n1,volume_log,925,-0.3421510837869035,1.0793247263826191,-0.132978362660352,0.0915500971995038,-0.30523007952311965,-0.26185094302463685,-0.14193155190324594,0.0,0.0,1.0793247263826191
D_n1,volume_log_x_price_displacement,925,-0.8529356894616443,4.186164872427432,0.009331454828659247,0.21487908734085634,-0.4093001767010537,-0.269940089436396,0.0,0.25267739646366455,0.4329619478599369,4.186164872427432
D_n1,volume_movement_abs,925,-1.6964096383397962,8.0,0.10269581259273054,0.9275000509359362,-1.5471169160908858,-1.263459162526229,0.0,1.698809804607686,2.302559805586063,8.0
D_n1,volume_movement_signed,925,-7.774881765910586,8.0,-0.05345801702971164,1.062704012050975,-2.6589389685387848,-1.51901572821799,0.0,1.5876532927169165,1.9802533523724715,8.0
D_n2,bias,925,1.0,1.0,1.0,0.0,1.0,1.0,1.0,1.0,1.0,1.0
D_n2,directional_volume,925,-8.0,1.5887547924721763,-0.03581772061314107,0.890503457170677,-2.7579340451539784,-1.558095735980293,0.06238053458220185,0.9497262307260884,1.2525317615193707,8.0
D_n2,directional_volume^2,925,0.0,64.0,0.7942793163428488,3.2721495201993864,0.0,0.0,0.16835536520714145,2.466440828159508,7.6068136254065735,64.0
D_n2,price_acceleration,925,-6.960568919477537,8.0,-0.025863444078500705,1.002940500036973,-2.1430042883437266,-1.5972227889853512,0.0,1.5008516325437204,2.160713751481732,8.0
D_n2,price_acceleration^2,925,0.0,64.0,1.0065585643540156,3.504244021459928,0.0,0.0,0.2179434911079748,3.5504145960869544,5.598507875718631,64.0
D_n2,price_displacement,925,-7.844775584914058,8.0,-0.05698768333195762,1.062219876891189,-2.6341307454010177,-1.517601707852458,0.0,1.5715622615804228,1.888088523331769,8.0
D_n2,price_displacement^2,925,0.0,64.0,1.1315586629142762,3.414402702818406,0.0,0.0,0.4587561356912473,3.1305882481464837,8.445859957452159,64.0
D_n2,price_velocity,925,-7.844775584914058,8.0,-0.06842635731996415,1.0627958130491948,-2.6341307454010177,-1.496748148915679,0.0,1.5758906400379709,2.0165429683694724,8.0
D_n2,price_velocity^2,925,0.0,64.0,1.1342171066109783,3.4835518130278125,0.0,0.0,0.4168328366846083,3.188556524494023,8.983659600065232,64.0
D_n2,price_velocity_x_acceleration,925,-4.510354403633787,64.0,0.6985807468235256,2.9361732475239384,-1.180169944190142,-0.3313861329900572,0.13097176964595725,2.677769218174314,4.196033993045745,64.0
D_n2,relative_volume,925,-0.28915069087347356,0.0,-0.13368580161904675,0.06728916236693874,-0.28562610263620675,-0.24963694328219835,-0.13158655143595155,0.0,0.0,0.28915069087347356
D_n2,relative_volume^2,925,0.0,0.08360812203260706,0.022399724926571364,0.017845976957937274,0.0,0.0,0.01731502051880632,0.06231860758257156,0.08160128778945701,0.08360812203260706
D_n2,relative_volume_x_price_velocity,925,-1.245862871532394,0.9406611974034605,0.00442619501417145,0.1650427996831577,-0.4565535891142736,-0.24948322043420262,0.0,0.22674846409764396,0.36122783579292495,1.245862871532394
D_n2,spread,925,0.0,0.0,0.0,0.0,0.0,0.0,0.0,0.0,0.0,0.0
D_n2,spread^2,925,0.0,0.0,0.0,0.0,0.0,0.0,0.0,0.0,0.0,0.0
D_n2,spread_change,925,0.0,0.0,0.0,0.0,0.0,0.0,0.0,0.0,0.0,0.0
D_n2,spread_change^2,925,0.0,0.0,0.0,0.0,0.0,0.0,0.0,0.0,0.0,0.0
D_n2,volume_density,925,-0.28867587587652865,0.0,-0.13369567054483092,0.06729089991444942,-0.2859573060958147,-0.2500005458784254,-0.13130693298150653,0.0,0.0,0.28867587587652865
D_n2,volume_density^2,925,0.0,0.08333376131308098,0.02240259753372842,0.01784736802995233,0.0,0.0,0.017241510649009847,0.06250027293951069,0.0817949717506687,0.08333376131308098
D_n2,volume_density_x_price_displacement,925,-1.1925712430354065,0.9376339612220924,0.003148708151781945,0.1619966002700759,-0.43011656697680467,-0.24862622387726102,0.0,0.2277366317274665,0.3608730836235326,1.1925712430354065
D_n2,volume_log,925,-0.3421510837869035,1.0793247263826191,-0.132978362660352,0.0915500971995038,-0.30523007952311965,-0.26185094302463685,-0.14193155190324594,0.0,0.0,1.0793247263826191
D_n2,volume_log^2,925,0.0,1.1649418649809156,0.0260646652330667,0.044207820244849656,0.0,0.0,0.020309707362199007,0.07019376883127429,0.09623335175255872,1.1649418649809156
D_n2,volume_log_x_price_displacement,925,-0.8529356894616443,4.186164872427432,0.009331454828659247,0.21487908734085634,-0.4093001767010537,-0.269940089436396,0.0,0.25267739646366455,0.4329619478599369,4.186164872427432
D_n2,volume_movement_abs,925,-1.6964096383397962,8.0,0.10269581259273054,0.9275000509359362,-1.5471169160908858,-1.263459162526229,0.0,1.698809804607686,2.302559805586063,8.0
D_n2,volume_movement_abs^2,925,0.0,64.0,0.8708027744102458,2.3543770578937404,0.0,0.0,0.32925950038092805,2.8937214044698507,5.301788350349908,64.0
D_n2,volume_movement_signed,925,-7.774881765910586,8.0,-0.05345801702971164,1.062704012050975,-2.6589389685387848,-1.51901572821799,0.0,1.5876532927169165,1.9802533523724715,8.0
D_n2,volume_movement_signed^2,925,0.0,64.0,1.1321975768139878,3.433874932448461,0.0,0.0,0.4436894287634986,3.2901163248276597,8.54191602106525,64.0
D_n3,bias,925,1.0,1.0,1.0,0.0,1.0,1.0,1.0,1.0,1.0,1.0
D_n3,directional_volume,925,-8.0,1.5887547924721763,-0.03581772061314107,0.890503457170677,-2.7579340451539784,-1.558095735980293,0.06238053458220185,0.9497262307260884,1.2525317615193707,8.0
D_n3,directional_volume^2,925,0.0,64.0,0.7942793163428488,3.2721495201993864,0.0,0.0,0.16835536520714145,2.466440828159508,7.6068136254065735,64.0
D_n3,directional_volume^3,925,-512.0,4.010242366700306,-1.9020849808462854,23.21797458345092,-20.98245536201904,-3.782541775945077,0.00024274331392755346,0.85664877754049,1.9650194330553021,512.0
D_n3,price_acceleration,925,-6.960568919477537,8.0,-0.025863444078500705,1.002940500036973,-2.1430042883437266,-1.5972227889853512,0.0,1.5008516325437204,2.160713751481732,8.0
D_n3,price_acceleration^2,925,0.0,64.0,1.0065585643540156,3.504244021459928,0.0,0.0,0.2179434911079748,3.5504145960869544,5.598507875718631,64.0
D_n3,price_acceleration^3,925,-337.23622086768984,512.0,0.40384900941992075,24.86347545771962,-9.846099692160317,-4.0747090121586,0.0,3.38076394219091,10.08773442741331,512.0
D_n3,price_displacement,925,-7.844775584914058,8.0,-0.05698768333195762,1.062219876891189,-2.6341307454010177,-1.517601707852458,0.0,1.5715622615804228,1.888088523331769,8.0
D_n3,price_displacement^2,925,0.0,64.0,1.1315586629142762,3.414402702818406,0.0,0.0,0.4587561356912473,3.1305882481464837,8.445859957452159,64.0
D_n3,price_displacement^3,925,-482.77144308728265,512.0,-0.5306738230311032,24.427675279164905,-18.289019814110105,-3.495282363976001,0.0,3.8814620202965506,6.730811645382522,512.0
D_n3,price_velocity,925,-7.844775584914058,8.0,-0.06842635731996415,1.0627958130491948,-2.6341307454010177,-1.496748148915679,0.0,1.5758906400379709,2.0165429683694724,8.0
D_n3,price_velocity^2,925,0.0,64.0,1.1342171066109783,3.4835518130278125,0.0,0.0,0.4168328366846083,3.188556524494023,8.983659600065232,64.0
D_n3,price_velocity^3,925,-482.77144308728265,512.0,-0.39204534292309867,24.627539993995324,-18.289019814110105,-3.3531127202114126,0.0,3.913633302397448,8.200842005889983,512.0
D_n3,price_velocity_x_acceleration,925,-4.510354403633787,64.0,0.6985807468235256,2.9361732475239384,-1.180169944190142,-0.3313861329900572,0.13097176964595725,2.677769218174314,4.196033993045745,64.0
D_n3,relative_volume,925,-0.28915069087347356,0.0,-0.13368580161904675,0.06728916236693874,-0.28562610263620675,-0.24963694328219835,-0.13158655143595155,0.0,0.0,0.28915069087347356
D_n3,relative_volume^2,925,0.0,0.08360812203260706,0.022399724926571364,0.017845976957937274,0.0,0.0,0.01731502051880632,0.06231860758257156,0.08160128778945701,0.08360812203260706
D_n3,relative_volume^3,925,-0.02417534624836202,0.0,-0.004107994968439882,0.004821143016527238,-0.023318220490914178,-0.015557028768763918,-0.0022784238381124643,0.0,0.0,0.02417534624836202
D_n3,relative_volume_x_price_velocity,925,-1.245862871532394,0.9406611974034605,0.00442619501417145,0.1650427996831577,-0.4565535891142736,-0.24948322043420262,0.0,0.22674846409764396,0.36122783579292495,1.245862871532394
D_n3,spread,925,0.0,0.0,0.0,0.0,0.0,0.0,0.0,0.0,0.0,0.0
D_n3,spread^2,925,0.0,0.0,0.0,0.0,0.0,0.0,0.0,0.0,0.0,0.0
D_n3,spread^3,925,0.0,0.0,0.0,0.0,0.0,0.0,0.0,0.0,0.0,0.0
D_n3,spread_change,925,0.0,0.0,0.0,0.0,0.0,0.0,0.0,0.0,0.0,0.0
D_n3,spread_change^2,925,0.0,0.0,0.0,0.0,0.0,0.0,0.0,0.0,0.0,0.0
D_n3,spread_change^3,925,0.0,0.0,0.0,0.0,0.0,0.0,0.0,0.0,0.0,0.0
D_n3,volume_density,925,-0.28867587587652865,0.0,-0.13369567054483092,0.06729089991444942,-0.2859573060958147,-0.2500005458784254,-0.13130693298150653,0.0,0.0,0.28867587587652865
D_n3,volume_density^2,925,0.0,0.08333376131308098,0.02240259753372842,0.01784736802995233,0.0,0.0,0.017241510649009847,0.06250027293951069,0.0817949717506687,0.08333376131308098
D_n3,volume_density^3,925,-0.02405644653713923,0.0,-0.004108703747780451,0.004821940763088271,-0.02340310959794222,-0.01562510235242825,-0.002263929883289467,0.0,0.0,0.02405644653713923
D_n3,volume_density_x_price_displacement,925,-1.1925712430354065,0.9376339612220924,0.003148708151781945,0.1619966002700759,-0.43011656697680467,-0.24862622387726102,0.0,0.2277366317274665,0.3608730836235326,1.1925712430354065
D_n3,volume_log,925,-0.3421510837869035,1.0793247263826191,-0.132978362660352,0.0915500971995038,-0.30523007952311965,-0.26185094302463685,-0.14193155190324594,0.0,0.0,1.0793247263826191
D_n3,volume_log^2,925,0.0,1.1649418649809156,0.0260646652330667,0.044207820244849656,0.0,0.0,0.020309707362199007,0.07019376883127429,0.09623335175255872,1.1649418649809156
D_n3,volume_log^3,925,-0.04005472551539757,1.2573505596721848,-0.0034407181357017282,0.04221277813123004,-0.0284388882676171,-0.017954197285893064,-0.0028591494332809346,0.0,0.0,1.2573505596721848
D_n3,volume_log_x_price_displacement,925,-0.8529356894616443,4.186164872427432,0.009331454828659247,0.21487908734085634,-0.4093001767010537,-0.269940089436396,0.0,0.25267739646366455,0.4329619478599369,4.186164872427432
D_n3,volume_movement_abs,925,-1.6964096383397962,8.0,0.10269581259273054,0.9275000509359362,-1.5471169160908858,-1.263459162526229,0.0,1.698809804607686,2.302559805586063,8.0
D_n3,volume_movement_abs^2,925,0.0,64.0,0.8708027744102458,2.3543770578937404,0.0,0.0,0.32925950038092805,2.8937214044698507,5.301788350349908,64.0
D_n3,volume_movement_abs^3,925,-4.88193726067771,512.0,1.0690759724849497,17.007778319837563,-3.7031343652780735,-2.016918565236827,0.0,4.9029308673113565,12.20771554984996,512.0
D_n3,volume_movement_signed,925,-7.774881765910586,8.0,-0.05345801702971164,1.062704012050975,-2.6589389685387848,-1.51901572821799,0.0,1.5876532927169165,1.9802533523724715,8.0
D_n3,volume_movement_signed^2,925,0.0,64.0,1.1321975768139878,3.433874932448461,0.0,0.0,0.4436894287634986,3.2901163248276597,8.54191602106525,64.0
D_n3,volume_movement_signed^3,925,-469.9821677272614,512.0,-0.5306546690046723,24.358844333474888,-18.80045203177736,-3.5050470088392522,0.0,4.001923100666585,7.7656711339017885,512.0
E_n1,bias,925,1.0,1.0,1.0,0.0,1.0,1.0,1.0,1.0,1.0,1.0
E_n1,directional_volume,925,-8.0,1.5887547924721763,-0.03581772061314107,0.890503457170677,-2.7579340451539784,-1.558095735980293,0.06238053458220185,0.9497262307260884,1.2525317615193707,8.0
E_n1,price_acceleration,925,-6.960568919477537,8.0,-0.025863444078500705,1.002940500036973,-2.1430042883437266,-1.5972227889853512,0.0,1.5008516325437204,2.160713751481732,8.0
E_n1,price_displacement,925,-7.844775584914058,8.0,-0.05698768333195762,1.062219876891189,-2.6341307454010177,-1.517601707852458,0.0,1.5715622615804228,1.888088523331769,8.0
E_n1,price_velocity,925,-7.844775584914058,8.0,-0.06842635731996415,1.0627958130491948,-2.6341307454010177,-1.496748148915679,0.0,1.5758906400379709,2.0165429683694724,8.0
E_n1,price_velocity_x_acceleration,925,-4.510354403633787,64.0,0.6985807468235256,2.9361732475239384,-1.180169944190142,-0.3313861329900572,0.13097176964595725,2.677769218174314,4.196033993045745,64.0
E_n1,relative_volume,925,-0.28915069087347356,0.0,-0.13368580161904675,0.06728916236693874,-0.28562610263620675,-0.24963694328219835,-0.13158655143595155,0.0,0.0,0.28915069087347356
E_n1,relative_volume_x_price_velocity,925,-1.245862871532394,0.9406611974034605,0.00442619501417145,0.1650427996831577,-0.4565535891142736,-0.24948322043420262,0.0,0.22674846409764396,0.36122783579292495,1.245862871532394
E_n1,spread,925,0.0,0.0,0.0,0.0,0.0,0.0,0.0,0.0,0.0,0.0
E_n1,spread_change,925,0.0,0.0,0.0,0.0,0.0,0.0,0.0,0.0,0.0,0.0
E_n1,volume_density,925,-0.28867587587652865,0.0,-0.13369567054483092,0.06729089991444942,-0.2859573060958147,-0.2500005458784254,-0.13130693298150653,0.0,0.0,0.28867587587652865
E_n1,volume_density_x_price_displacement,925,-1.1925712430354065,0.9376339612220924,0.003148708151781945,0.1619966002700759,-0.43011656697680467,-0.24862622387726102,0.0,0.2277366317274665,0.3608730836235326,1.1925712430354065
E_n1,volume_log,925,-0.3421510837869035,1.0793247263826191,-0.132978362660352,0.0915500971995038,-0.30523007952311965,-0.26185094302463685,-0.14193155190324594,0.0,0.0,1.0793247263826191
E_n1,volume_log_x_price_displacement,925,-0.8529356894616443,4.186164872427432,0.009331454828659247,0.21487908734085634,-0.4093001767010537,-0.269940089436396,0.0,0.25267739646366455,0.4329619478599369,4.186164872427432
E_n1,volume_movement_abs,925,-1.6964096383397962,8.0,0.10269581259273054,0.9275000509359362,-1.5471169160908858,-1.263459162526229,0.0,1.698809804607686,2.302559805586063,8.0
E_n1,volume_movement_signed,925,-7.774881765910586,8.0,-0.05345801702971164,1.062704012050975,-2.6589389685387848,-1.51901572821799,0.0,1.5876532927169165,1.9802533523724715,8.0
E_n2,bias,925,1.0,1.0,1.0,0.0,1.0,1.0,1.0,1.0,1.0,1.0
E_n2,directional_volume,925,-8.0,1.5887547924721763,-0.03581772061314107,0.890503457170677,-2.7579340451539784,-1.558095735980293,0.06238053458220185,0.9497262307260884,1.2525317615193707,8.0
E_n2,directional_volume^2,925,0.0,64.0,0.7942793163428488,3.2721495201993864,0.0,0.0,0.16835536520714145,2.466440828159508,7.6068136254065735,64.0
E_n2,price_acceleration,925,-6.960568919477537,8.0,-0.025863444078500705,1.002940500036973,-2.1430042883437266,-1.5972227889853512,0.0,1.5008516325437204,2.160713751481732,8.0
E_n2,price_acceleration^2,925,0.0,64.0,1.0065585643540156,3.504244021459928,0.0,0.0,0.2179434911079748,3.5504145960869544,5.598507875718631,64.0
E_n2,price_displacement,925,-7.844775584914058,8.0,-0.05698768333195762,1.062219876891189,-2.6341307454010177,-1.517601707852458,0.0,1.5715622615804228,1.888088523331769,8.0
E_n2,price_displacement^2,925,0.0,64.0,1.1315586629142762,3.414402702818406,0.0,0.0,0.4587561356912473,3.1305882481464837,8.445859957452159,64.0
E_n2,price_velocity,925,-7.844775584914058,8.0,-0.06842635731996415,1.0627958130491948,-2.6341307454010177,-1.496748148915679,0.0,1.5758906400379709,2.0165429683694724,8.0
E_n2,price_velocity^2,925,0.0,64.0,1.1342171066109783,3.4835518130278125,0.0,0.0,0.4168328366846083,3.188556524494023,8.983659600065232,64.0
E_n2,price_velocity_x_acceleration,925,-4.510354403633787,64.0,0.6985807468235256,2.9361732475239384,-1.180169944190142,-0.3313861329900572,0.13097176964595725,2.677769218174314,4.196033993045745,64.0
E_n2,relative_volume,925,-0.28915069087347356,0.0,-0.13368580161904675,0.06728916236693874,-0.28562610263620675,-0.24963694328219835,-0.13158655143595155,0.0,0.0,0.28915069087347356
E_n2,relative_volume^2,925,0.0,0.08360812203260706,0.022399724926571364,0.017845976957937274,0.0,0.0,0.01731502051880632,0.06231860758257156,0.08160128778945701,0.08360812203260706
E_n2,relative_volume_x_price_velocity,925,-1.245862871532394,0.9406611974034605,0.00442619501417145,0.1650427996831577,-0.4565535891142736,-0.24948322043420262,0.0,0.22674846409764396,0.36122783579292495,1.245862871532394
E_n2,spread,925,0.0,0.0,0.0,0.0,0.0,0.0,0.0,0.0,0.0,0.0
E_n2,spread^2,925,0.0,0.0,0.0,0.0,0.0,0.0,0.0,0.0,0.0,0.0
E_n2,spread_change,925,0.0,0.0,0.0,0.0,0.0,0.0,0.0,0.0,0.0,0.0
E_n2,spread_change^2,925,0.0,0.0,0.0,0.0,0.0,0.0,0.0,0.0,0.0,0.0
E_n2,volume_density,925,-0.28867587587652865,0.0,-0.13369567054483092,0.06729089991444942,-0.2859573060958147,-0.2500005458784254,-0.13130693298150653,0.0,0.0,0.28867587587652865
E_n2,volume_density^2,925,0.0,0.08333376131308098,0.02240259753372842,0.01784736802995233,0.0,0.0,0.017241510649009847,0.06250027293951069,0.0817949717506687,0.08333376131308098
E_n2,volume_density_x_price_displacement,925,-1.1925712430354065,0.9376339612220924,0.003148708151781945,0.1619966002700759,-0.43011656697680467,-0.24862622387726102,0.0,0.2277366317274665,0.3608730836235326,1.1925712430354065
E_n2,volume_log,925,-0.3421510837869035,1.0793247263826191,-0.132978362660352,0.0915500971995038,-0.30523007952311965,-0.26185094302463685,-0.14193155190324594,0.0,0.0,1.0793247263826191
E_n2,volume_log^2,925,0.0,1.1649418649809156,0.0260646652330667,0.044207820244849656,0.0,0.0,0.020309707362199007,0.07019376883127429,0.09623335175255872,1.1649418649809156
E_n2,volume_log_x_price_displacement,925,-0.8529356894616443,4.186164872427432,0.009331454828659247,0.21487908734085634,-0.4093001767010537,-0.269940089436396,0.0,0.25267739646366455,0.4329619478599369,4.186164872427432
E_n2,volume_movement_abs,925,-1.6964096383397962,8.0,0.10269581259273054,0.9275000509359362,-1.5471169160908858,-1.263459162526229,0.0,1.698809804607686,2.302559805586063,8.0
E_n2,volume_movement_abs^2,925,0.0,64.0,0.8708027744102458,2.3543770578937404,0.0,0.0,0.32925950038092805,2.8937214044698507,5.301788350349908,64.0
E_n2,volume_movement_signed,925,-7.774881765910586,8.0,-0.05345801702971164,1.062704012050975,-2.6589389685387848,-1.51901572821799,0.0,1.5876532927169165,1.9802533523724715,8.0
E_n2,volume_movement_signed^2,925,0.0,64.0,1.1321975768139878,3.433874932448461,0.0,0.0,0.4436894287634986,3.2901163248276597,8.54191602106525,64.0
E_n3,bias,925,1.0,1.0,1.0,0.0,1.0,1.0,1.0,1.0,1.0,1.0
E_n3,directional_volume,925,-8.0,1.5887547924721763,-0.03581772061314107,0.890503457170677,-2.7579340451539784,-1.558095735980293,0.06238053458220185,0.9497262307260884,1.2525317615193707,8.0
E_n3,directional_volume^2,925,0.0,64.0,0.7942793163428488,3.2721495201993864,0.0,0.0,0.16835536520714145,2.466440828159508,7.6068136254065735,64.0
E_n3,directional_volume^3,925,-512.0,4.010242366700306,-1.9020849808462854,23.21797458345092,-20.98245536201904,-3.782541775945077,0.00024274331392755346,0.85664877754049,1.9650194330553021,512.0
E_n3,price_acceleration,925,-6.960568919477537,8.0,-0.025863444078500705,1.002940500036973,-2.1430042883437266,-1.5972227889853512,0.0,1.5008516325437204,2.160713751481732,8.0
E_n3,price_acceleration^2,925,0.0,64.0,1.0065585643540156,3.504244021459928,0.0,0.0,0.2179434911079748,3.5504145960869544,5.598507875718631,64.0
E_n3,price_acceleration^3,925,-337.23622086768984,512.0,0.40384900941992075,24.86347545771962,-9.846099692160317,-4.0747090121586,0.0,3.38076394219091,10.08773442741331,512.0
E_n3,price_displacement,925,-7.844775584914058,8.0,-0.05698768333195762,1.062219876891189,-2.6341307454010177,-1.517601707852458,0.0,1.5715622615804228,1.888088523331769,8.0
E_n3,price_displacement^2,925,0.0,64.0,1.1315586629142762,3.414402702818406,0.0,0.0,0.4587561356912473,3.1305882481464837,8.445859957452159,64.0
E_n3,price_displacement^3,925,-482.77144308728265,512.0,-0.5306738230311032,24.427675279164905,-18.289019814110105,-3.495282363976001,0.0,3.8814620202965506,6.730811645382522,512.0
E_n3,price_velocity,925,-7.844775584914058,8.0,-0.06842635731996415,1.0627958130491948,-2.6341307454010177,-1.496748148915679,0.0,1.5758906400379709,2.0165429683694724,8.0
E_n3,price_velocity^2,925,0.0,64.0,1.1342171066109783,3.4835518130278125,0.0,0.0,0.4168328366846083,3.188556524494023,8.983659600065232,64.0
E_n3,price_velocity^3,925,-482.77144308728265,512.0,-0.39204534292309867,24.627539993995324,-18.289019814110105,-3.3531127202114126,0.0,3.913633302397448,8.200842005889983,512.0
E_n3,price_velocity_x_acceleration,925,-4.510354403633787,64.0,0.6985807468235256,2.9361732475239384,-1.180169944190142,-0.3313861329900572,0.13097176964595725,2.677769218174314,4.196033993045745,64.0
E_n3,relative_volume,925,-0.28915069087347356,0.0,-0.13368580161904675,0.06728916236693874,-0.28562610263620675,-0.24963694328219835,-0.13158655143595155,0.0,0.0,0.28915069087347356
E_n3,relative_volume^2,925,0.0,0.08360812203260706,0.022399724926571364,0.017845976957937274,0.0,0.0,0.01731502051880632,0.06231860758257156,0.08160128778945701,0.08360812203260706
E_n3,relative_volume^3,925,-0.02417534624836202,0.0,-0.004107994968439882,0.004821143016527238,-0.023318220490914178,-0.015557028768763918,-0.0022784238381124643,0.0,0.0,0.02417534624836202
E_n3,relative_volume_x_price_velocity,925,-1.245862871532394,0.9406611974034605,0.00442619501417145,0.1650427996831577,-0.4565535891142736,-0.24948322043420262,0.0,0.22674846409764396,0.36122783579292495,1.245862871532394
E_n3,spread,925,0.0,0.0,0.0,0.0,0.0,0.0,0.0,0.0,0.0,0.0
E_n3,spread^2,925,0.0,0.0,0.0,0.0,0.0,0.0,0.0,0.0,0.0,0.0
E_n3,spread^3,925,0.0,0.0,0.0,0.0,0.0,0.0,0.0,0.0,0.0,0.0
E_n3,spread_change,925,0.0,0.0,0.0,0.0,0.0,0.0,0.0,0.0,0.0,0.0
E_n3,spread_change^2,925,0.0,0.0,0.0,0.0,0.0,0.0,0.0,0.0,0.0,0.0
E_n3,spread_change^3,925,0.0,0.0,0.0,0.0,0.0,0.0,0.0,0.0,0.0,0.0
E_n3,volume_density,925,-0.28867587587652865,0.0,-0.13369567054483092,0.06729089991444942,-0.2859573060958147,-0.2500005458784254,-0.13130693298150653,0.0,0.0,0.28867587587652865
E_n3,volume_density^2,925,0.0,0.08333376131308098,0.02240259753372842,0.01784736802995233,0.0,0.0,0.017241510649009847,0.06250027293951069,0.0817949717506687,0.08333376131308098
E_n3,volume_density^3,925,-0.02405644653713923,0.0,-0.004108703747780451,0.004821940763088271,-0.02340310959794222,-0.01562510235242825,-0.002263929883289467,0.0,0.0,0.02405644653713923
E_n3,volume_density_x_price_displacement,925,-1.1925712430354065,0.9376339612220924,0.003148708151781945,0.1619966002700759,-0.43011656697680467,-0.24862622387726102,0.0,0.2277366317274665,0.3608730836235326,1.1925712430354065
E_n3,volume_log,925,-0.3421510837869035,1.0793247263826191,-0.132978362660352,0.0915500971995038,-0.30523007952311965,-0.26185094302463685,-0.14193155190324594,0.0,0.0,1.0793247263826191
E_n3,volume_log^2,925,0.0,1.1649418649809156,0.0260646652330667,0.044207820244849656,0.0,0.0,0.020309707362199007,0.07019376883127429,0.09623335175255872,1.1649418649809156
E_n3,volume_log^3,925,-0.04005472551539757,1.2573505596721848,-0.0034407181357017282,0.04221277813123004,-0.0284388882676171,-0.017954197285893064,-0.0028591494332809346,0.0,0.0,1.2573505596721848
E_n3,volume_log_x_price_displacement,925,-0.8529356894616443,4.186164872427432,0.009331454828659247,0.21487908734085634,-0.4093001767010537,-0.269940089436396,0.0,0.25267739646366455,0.4329619478599369,4.186164872427432
E_n3,volume_movement_abs,925,-1.6964096383397962,8.0,0.10269581259273054,0.9275000509359362,-1.5471169160908858,-1.263459162526229,0.0,1.698809804607686,2.302559805586063,8.0
E_n3,volume_movement_abs^2,925,0.0,64.0,0.8708027744102458,2.3543770578937404,0.0,0.0,0.32925950038092805,2.8937214044698507,5.301788350349908,64.0
E_n3,volume_movement_abs^3,925,-4.88193726067771,512.0,1.0690759724849497,17.007778319837563,-3.7031343652780735,-2.016918565236827,0.0,4.9029308673113565,12.20771554984996,512.0
E_n3,volume_movement_signed,925,-7.774881765910586,8.0,-0.05345801702971164,1.062704012050975,-2.6589389685387848,-1.51901572821799,0.0,1.5876532927169165,1.9802533523724715,8.0
E_n3,volume_movement_signed^2,925,0.0,64.0,1.1321975768139878,3.433874932448461,0.0,0.0,0.4436894287634986,3.2901163248276597,8.54191602106525,64.0
E_n3,volume_movement_signed^3,925,-469.9821677272614,512.0,-0.5306546690046723,24.358844333474888,-18.80045203177736,-3.5050470088392522,0.0,4.001923100666585,7.7656711339017885,512.0
