experiment_id,scenario,sequence,model_time,output_channel,prediction,target,largest_term_name,largest_term_value,second_largest_term_name,second_largest_term_value,sum_linear,sum_quadratic,sum_cubic,sum_interactions,bias,perturbation_state,observation_half_life,forward_half_life
D_n3,irregular_event_time_sampling,841,2.203843319966493,direction_state,-3.833214924291864e+49,-1.0,price_velocity_x_acceleration^3,-3.8332149242918473e+49,volume_density^3,-1.7833816200792122e+35,-943761183398.9209,-1.9440112856964627e+33,-3.833214924291864e+49,-3.8332149242918473e+49,-5.0,1.916607462145932e+49,1.916607462145932e+49,1.916607462145932e+49
D_n3,irregular_event_time_sampling,841,2.203843319966493,magnitude_state,-3.833214924291864e+49,0.140421042223176,price_velocity_x_acceleration^3,-3.8332149242918473e+49,volume_density^3,-1.7833816200792122e+35,-943761183398.9209,-1.9440112856964627e+33,-3.833214924291864e+49,-3.8332149242918473e+49,-5.0,1.916607462145932e+49,1.916607462145932e+49,1.916607462145932e+49
D_n3,irregular_event_time_sampling,841,2.203843319966493,strength,3.833214924291864e+49,1.0,price_velocity_x_acceleration^3,3.8332149242918473e+49,volume_density^3,1.7833816200792122e+35,943761183398.9209,1.9440112856964627e+33,3.833214924291864e+49,3.8332149242918473e+49,5.0,1.916607462145932e+49,1.916607462145932e+49,1.916607462145932e+49
D_n3,irregular_event_time_sampling,841,2.203843319966493,persistence,3.833214924291864e+49,1.0,price_velocity_x_acceleration^3,3.8332149242918473e+49,volume_density^3,1.7833816200792122e+35,943761183398.9209,1.9440112856964627e+33,3.833214924291864e+49,3.8332149242918473e+49,5.0,1.916607462145932e+49,1.916607462145932e+49,1.916607462145932e+49
D_n3,irregular_event_time_sampling,841,2.203843319966493,observation_half_life,3.833214924291864e+49,300.0,price_velocity_x_acceleration^3,3.8332149242918473e+49,volume_density^3,1.7833816200792122e+35,943761183398.9209,1.9440112856964627e+33,3.833214924291864e+49,3.8332149242918473e+49,5.0,1.916607462145932e+49,1.916607462145932e+49,1.916607462145932e+49
D_n3,irregular_event_time_sampling,841,2.203843319966493,forward_half_life,3.833214924291864e+49,300.0,price_velocity_x_acceleration^3,3.8332149242918473e+49,volume_density^3,1.7833816200792122e+35,943761183398.9209,1.9440112856964627e+33,3.833214924291864e+49,3.8332149242918473e+49,5.0,1.916607462145932e+49,1.916607462145932e+49,1.916607462145932e+49
D_n3,irregular_event_time_sampling,841,2.203843319966493,reinforcement,-3.833214924291864e+49,0.010000000000000037,price_velocity_x_acceleration^3,-3.8332149242918473e+49,volume_density^3,-1.7833816200792122e+35,-943761183398.9209,-1.9440112856964627e+33,-3.833214924291864e+49,-3.8332149242918473e+49,-5.0,1.916607462145932e+49,1.916607462145932e+49,1.916607462145932e+49
D_n3,irregular_event_time_sampling,841,2.203843319966493,uncertainty,3.833214924291864e+49,0.2,price_velocity_x_acceleration^3,3.8332149242918473e+49,volume_density^3,1.7833816200792122e+35,943761183398.9209,1.9440112856964627e+33,3.833214924291864e+49,3.8332149242918473e+49,5.0,1.916607462145932e+49,1.916607462145932e+49,1.916607462145932e+49
D_n3,irregular_event_time_sampling,841,2.203843319966493,reversal_tendency,3.833214924291864e+49,0.7,price_velocity_x_acceleration^3,3.8332149242918473e+49,volume_density^3,1.7833816200792122e+35,943761183398.9209,1.9440112856964627e+33,3.833214924291864e+49,3.8332149242918473e+49,5.0,1.916607462145932e+49,1.916607462145932e+49,1.916607462145932e+49
D_n3,irregular_event_time_sampling,841,2.203843319966493,perturbation_state,3.833214924291864e+49,0.8,price_velocity_x_acceleration^3,3.8332149242918473e+49,volume_density^3,1.7833816200792122e+35,943761183398.9209,1.9440112856964627e+33,3.833214924291864e+49,3.8332149242918473e+49,5.0,1.916607462145932e+49,1.916607462145932e+49,1.916607462145932e+49
E_n3,irregular_event_time_sampling,841,2.203843319966493,direction_state,-3.833214924291864e+49,-1.0,price_velocity_x_acceleration^3,-3.8332149242918473e+49,volume_density^3,-1.7833816200792122e+35,-943761183398.9209,-1.9440112856964627e+33,-3.833214924291864e+49,-3.8332149242918473e+49,-5.0,1.916607462145932e+49,1.916607462145932e+49,1.916607462145932e+49
E_n3,irregular_event_time_sampling,841,2.203843319966493,magnitude_state,-3.833214924291864e+49,0.140421042223176,price_velocity_x_acceleration^3,-3.8332149242918473e+49,volume_density^3,-1.7833816200792122e+35,-943761183398.9209,-1.9440112856964627e+33,-3.833214924291864e+49,-3.8332149242918473e+49,-5.0,1.916607462145932e+49,1.916607462145932e+49,1.916607462145932e+49
E_n3,irregular_event_time_sampling,841,2.203843319966493,strength,3.833214924291864e+49,1.0,price_velocity_x_acceleration^3,3.8332149242918473e+49,volume_density^3,1.7833816200792122e+35,943761183398.9209,1.9440112856964627e+33,3.833214924291864e+49,3.8332149242918473e+49,5.0,1.916607462145932e+49,1.916607462145932e+49,1.916607462145932e+49
E_n3,irregular_event_time_sampling,841,2.203843319966493,persistence,3.833214924291864e+49,0.016666666666666666,price_velocity_x_acceleration^3,3.8332149242918473e+49,volume_density^3,1.7833816200792122e+35,943761183398.9209,1.9440112856964627e+33,3.833214924291864e+49,3.8332149242918473e+49,5.0,1.916607462145932e+49,1.916607462145932e+49,1.916607462145932e+49
E_n3,irregular_event_time_sampling,841,2.203843319966493,observation_half_life,3.833214924291864e+49,5.0,price_velocity_x_acceleration^3,3.8332149242918473e+49,volume_density^3,1.7833816200792122e+35,943761183398.9209,1.9440112856964627e+33,3.833214924291864e+49,3.8332149242918473e+49,5.0,1.916607462145932e+49,1.916607462145932e+49,1.916607462145932e+49
E_n3,irregular_event_time_sampling,841,2.203843319966493,forward_half_life,3.833214924291864e+49,5.0,price_velocity_x_acceleration^3,3.8332149242918473e+49,volume_density^3,1.7833816200792122e+35,943761183398.9209,1.9440112856964627e+33,3.833214924291864e+49,3.8332149242918473e+49,5.0,1.916607462145932e+49,1.916607462145932e+49,1.916607462145932e+49
E_n3,irregular_event_time_sampling,841,2.203843319966493,reinforcement,-3.833214924291864e+49,0.010000000000000037,price_velocity_x_acceleration^3,-3.8332149242918473e+49,volume_density^3,-1.7833816200792122e+35,-943761183398.9209,-1.9440112856964627e+33,-3.833214924291864e+49,-3.8332149242918473e+49,-5.0,1.916607462145932e+49,1.916607462145932e+49,1.916607462145932e+49
E_n3,irregular_event_time_sampling,841,2.203843319966493,uncertainty,3.833214924291864e+49,0.2,price_velocity_x_acceleration^3,3.8332149242918473e+49,volume_density^3,1.7833816200792122e+35,943761183398.9209,1.9440112856964627e+33,3.833214924291864e+49,3.8332149242918473e+49,5.0,1.916607462145932e+49,1.916607462145932e+49,1.916607462145932e+49
E_n3,irregular_event_time_sampling,841,2.203843319966493,reversal_tendency,3.833214924291864e+49,0.7,price_velocity_x_acceleration^3,3.8332149242918473e+49,volume_density^3,1.7833816200792122e+35,943761183398.9209,1.9440112856964627e+33,3.833214924291864e+49,3.8332149242918473e+49,5.0,1.916607462145932e+49,1.916607462145932e+49,1.916607462145932e+49
E_n3,irregular_event_time_sampling,841,2.203843319966493,perturbation_state,3.833214924291864e+49,0.8,price_velocity_x_acceleration^3,3.8332149242918473e+49,volume_density^3,1.7833816200792122e+35,943761183398.9209,1.9440112856964627e+33,3.833214924291864e+49,3.8332149242918473e+49,5.0,1.916607462145932e+49,1.916607462145932e+49,1.916607462145932e+49
D_n3,perturbation_memory_reset,341,1.002,observation_half_life,3.095223350646787e+48,300.0,price_velocity_x_acceleration^3,3.0952233506467174e+48,volume_density^3,6.590629710951931e+34,1642766756123.6104,-1.7707222763078866e+32,3.0952233506467875e+48,3.0952233506467174e+48,5.0,1.5476116753233928e+48,1.5476116753233934e+48,1.5476116753233934e+48
D_n3,perturbation_memory_reset,341,1.002,forward_half_life,3.095223350646787e+48,300.0,price_velocity_x_acceleration^3,3.0952233506467174e+48,volume_density^3,6.590629710951931e+34,1642766756123.6104,-1.7707222763078866e+32,3.0952233506467875e+48,3.0952233506467174e+48,5.0,1.5476116753233928e+48,1.5476116753233934e+48,1.5476116753233934e+48
D_n3,perturbation_memory_reset,341,1.002,direction_state,-3.0952233506467855e+48,-1.0,price_velocity_x_acceleration^3,-3.095223350646716e+48,volume_density^3,-6.590629710951931e+34,-1642766756123.6104,1.7707222767898416e+32,-3.095223350646786e+48,-3.095223350646716e+48,-5.0,1.5476116753233928e+48,1.5476116753233934e+48,1.5476116753233934e+48
D_n3,perturbation_memory_reset,341,1.002,magnitude_state,-3.0952233506467855e+48,0.09233218963617283,price_velocity_x_acceleration^3,-3.095223350646716e+48,volume_density^3,-6.590629710951931e+34,-1642766756123.6104,1.770722276789315e+32,-3.095223350646786e+48,-3.095223350646716e+48,-5.0,1.5476116753233928e+48,1.5476116753233934e+48,1.5476116753233934e+48
D_n3,perturbation_memory_reset,341,1.002,strength,3.0952233506467855e+48,0.9355510028816475,price_velocity_x_acceleration^3,3.095223350646716e+48,volume_density^3,6.590629710951931e+34,1642766756123.6104,-1.770722276788541e+32,3.095223350646786e+48,3.095223350646716e+48,5.0,1.5476116753233928e+48,1.5476116753233934e+48,1.5476116753233934e+48
D_n3,perturbation_memory_reset,341,1.002,persistence,3.0952233506467855e+48,1.0,price_velocity_x_acceleration^3,3.095223350646716e+48,volume_density^3,6.590629710951931e+34,1642766756123.6104,-1.7707222767877084e+32,3.095223350646786e+48,3.095223350646716e+48,5.0,1.5476116753233928e+48,1.5476116753233934e+48,1.5476116753233934e+48
D_n3,perturbation_memory_reset,341,1.002,reinforcement,-3.0952233506467855e+48,0.010000000000000037,price_velocity_x_acceleration^3,-3.095223350646716e+48,volume_density^3,-6.590629710951931e+34,-1642766756123.6104,1.770722276789399e+32,-3.095223350646786e+48,-3.095223350646716e+48,-5.0,1.5476116753233928e+48,1.5476116753233934e+48,1.5476116753233934e+48
D_n3,perturbation_memory_reset,341,1.002,uncertainty,3.0952233506467855e+48,0.2644489971183525,price_velocity_x_acceleration^3,3.095223350646716e+48,volume_density^3,6.590629710951931e+34,1642766756123.6104,-1.7707222767882607e+32,3.095223350646786e+48,3.095223350646716e+48,5.0,1.5476116753233928e+48,1.5476116753233934e+48,1.5476116753233934e+48
D_n3,perturbation_memory_reset,341,1.002,reversal_tendency,3.0952233506467855e+48,0.7,price_velocity_x_acceleration^3,3.095223350646716e+48,volume_density^3,6.590629710951931e+34,1642766756123.6104,-1.7707222767887622e+32,3.095223350646786e+48,3.095223350646716e+48,5.0,1.5476116753233928e+48,1.5476116753233934e+48,1.5476116753233934e+48
D_n3,perturbation_memory_reset,341,1.002,perturbation_state,3.0952233506467855e+48,0.8,price_velocity_x_acceleration^3,3.095223350646716e+48,volume_density^3,6.590629710951931e+34,1642766756123.6104,-1.7707222767884376e+32,3.095223350646786e+48,3.095223350646716e+48,5.0,1.5476116753233928e+48,1.5476116753233934e+48,1.5476116753233934e+48
E_n3,perturbation_memory_reset,341,1.002,direction_state,-3.0952233506467855e+48,-1.0,price_velocity_x_acceleration^3,-3.095223350646716e+48,volume_density^3,-6.590629710951931e+34,-1642766756123.6104,1.7707222767898416e+32,-3.095223350646786e+48,-3.095223350646716e+48,-5.0,1.5476116753233928e+48,1.5476116753233928e+48,1.5476116753233928e+48
E_n3,perturbation_memory_reset,341,1.002,magnitude_state,-3.0952233506467855e+48,0.09233218963617283,price_velocity_x_acceleration^3,-3.095223350646716e+48,volume_density^3,-6.590629710951931e+34,-1642766756123.6104,1.770722276789315e+32,-3.095223350646786e+48,-3.095223350646716e+48,-5.0,1.5476116753233928e+48,1.5476116753233928e+48,1.5476116753233928e+48
E_n3,perturbation_memory_reset,341,1.002,strength,3.0952233506467855e+48,0.9355510028816475,price_velocity_x_acceleration^3,3.095223350646716e+48,volume_density^3,6.590629710951931e+34,1642766756123.6104,-1.770722276788541e+32,3.095223350646786e+48,3.095223350646716e+48,5.0,1.5476116753233928e+48,1.5476116753233928e+48,1.5476116753233928e+48
E_n3,perturbation_memory_reset,341,1.002,persistence,3.0952233506467855e+48,0.016666666666666666,price_velocity_x_acceleration^3,3.095223350646716e+48,volume_density^3,6.590629710951931e+34,1642766756123.6104,-1.7707222767892853e+32,3.095223350646786e+48,3.095223350646716e+48,5.0,1.5476116753233928e+48,1.5476116753233928e+48,1.5476116753233928e+48
E_n3,perturbation_memory_reset,341,1.002,observation_half_life,3.0952233506467855e+48,5.0,price_velocity_x_acceleration^3,3.095223350646716e+48,volume_density^3,6.590629710951931e+34,1642766756123.6104,-1.77072227678129e+32,3.095223350646786e+48,3.095223350646716e+48,5.0,1.5476116753233928e+48,1.5476116753233928e+48,1.5476116753233928e+48
E_n3,perturbation_memory_reset,341,1.002,forward_half_life,3.0952233506467855e+48,5.0,price_velocity_x_acceleration^3,3.095223350646716e+48,volume_density^3,6.590629710951931e+34,1642766756123.6104,-1.77072227678129e+32,3.095223350646786e+48,3.095223350646716e+48,5.0,1.5476116753233928e+48,1.5476116753233928e+48,1.5476116753233928e+48
E_n3,perturbation_memory_reset,341,1.002,reinforcement,-3.0952233506467855e+48,0.010000000000000037,price_velocity_x_acceleration^3,-3.095223350646716e+48,volume_density^3,-6.590629710951931e+34,-1642766756123.6104,1.770722276789399e+32,-3.095223350646786e+48,-3.095223350646716e+48,-5.0,1.5476116753233928e+48,1.5476116753233928e+48,1.5476116753233928e+48
E_n3,perturbation_memory_reset,341,1.002,uncertainty,3.0952233506467855e+48,0.2644489971183525,price_velocity_x_acceleration^3,3.095223350646716e+48,volume_density^3,6.590629710951931e+34,1642766756123.6104,-1.7707222767882607e+32,3.095223350646786e+48,3.095223350646716e+48,5.0,1.5476116753233928e+48,1.5476116753233928e+48,1.5476116753233928e+48
E_n3,perturbation_memory_reset,341,1.002,reversal_tendency,3.0952233506467855e+48,0.7,price_velocity_x_acceleration^3,3.095223350646716e+48,volume_density^3,6.590629710951931e+34,1642766756123.6104,-1.7707222767887622e+32,3.095223350646786e+48,3.095223350646716e+48,5.0,1.5476116753233928e+48,1.5476116753233928e+48,1.5476116753233928e+48
E_n3,perturbation_memory_reset,341,1.002,perturbation_state,3.0952233506467855e+48,0.8,price_velocity_x_acceleration^3,3.095223350646716e+48,volume_density^3,6.590629710951931e+34,1642766756123.6104,-1.7707222767884376e+32,3.095223350646786e+48,3.095223350646716e+48,5.0,1.5476116753233928e+48,1.5476116753233928e+48,1.5476116753233928e+48
D_n3,reversal_after_persistence,541,1.002,observation_half_life,3.09094629789212e+48,300.0,price_velocity_x_acceleration^3,3.090946297892003e+48,volume_density^3,1.1374338967537114e+35,955145760551.0695,3.446616131443039e+32,3.0909462978921196e+48,3.090946297892003e+48,5.0,1.5454731489460598e+48,1.54547314894606e+48,1.54547314894606e+48
D_n3,reversal_after_persistence,541,1.002,forward_half_life,3.09094629789212e+48,300.0,price_velocity_x_acceleration^3,3.090946297892003e+48,volume_density^3,1.1374338967537114e+35,955145760551.0695,3.446616131443039e+32,3.0909462978921196e+48,3.090946297892003e+48,5.0,1.5454731489460598e+48,1.54547314894606e+48,1.54547314894606e+48
D_n3,reversal_after_persistence,541,1.002,direction_state,-3.0909462978921196e+48,-1.0,price_velocity_x_acceleration^3,-3.090946297892002e+48,volume_density^3,-1.1374338967537114e+35,-955145760551.0695,-3.446616131381581e+32,-3.090946297892119e+48,-3.090946297892002e+48,-5.0,1.5454731489460598e+48,1.54547314894606e+48,1.54547314894606e+48
D_n3,reversal_after_persistence,541,1.002,magnitude_state,-3.0909462978921196e+48,0.09231782079298247,price_velocity_x_acceleration^3,-3.090946297892002e+48,volume_density^3,-1.1374338967537114e+35,-955145760551.0695,-3.446616131381631e+32,-3.090946297892119e+48,-3.090946297892002e+48,-5.0,1.5454731489460598e+48,1.54547314894606e+48,1.54547314894606e+48
D_n3,reversal_after_persistence,541,1.002,strength,3.0909462978921196e+48,0.7986884239654222,price_velocity_x_acceleration^3,3.090946297892002e+48,volume_density^3,1.1374338967537114e+35,955145760551.0695,3.446616131381718e+32,3.090946297892119e+48,3.090946297892002e+48,5.0,1.5454731489460598e+48,1.54547314894606e+48,1.54547314894606e+48
D_n3,reversal_after_persistence,541,1.002,persistence,3.0909462978921196e+48,1.0,price_velocity_x_acceleration^3,3.090946297892002e+48,volume_density^3,1.1374338967537114e+35,955145760551.0695,3.446616131381834e+32,3.090946297892119e+48,3.090946297892002e+48,5.0,1.5454731489460598e+48,1.54547314894606e+48,1.54547314894606e+48
D_n3,reversal_after_persistence,541,1.002,reinforcement,-3.0909462978921196e+48,0.010000000000000037,price_velocity_x_acceleration^3,-3.090946297892002e+48,volume_density^3,-1.1374338967537114e+35,-955145760551.0695,-3.4466161313816275e+32,-3.090946297892119e+48,-3.090946297892002e+48,-5.0,1.5454731489460598e+48,1.54547314894606e+48,1.54547314894606e+48
D_n3,reversal_after_persistence,541,1.002,uncertainty,3.0909462978921196e+48,0.40131157603457784,price_velocity_x_acceleration^3,3.090946297892002e+48,volume_density^3,1.1374338967537114e+35,955145760551.0695,3.446616131381766e+32,3.090946297892119e+48,3.090946297892002e+48,5.0,1.5454731489460598e+48,1.54547314894606e+48,1.54547314894606e+48
D_n3,reversal_after_persistence,541,1.002,reversal_tendency,3.0909462978921196e+48,0.7,price_velocity_x_acceleration^3,3.090946297892002e+48,volume_density^3,1.1374338967537114e+35,955145760551.0695,3.446616131381674e+32,3.090946297892119e+48,3.090946297892002e+48,5.0,1.5454731489460598e+48,1.54547314894606e+48,1.54547314894606e+48
D_n3,reversal_after_persistence,541,1.002,perturbation_state,3.0909462978921196e+48,0.8,price_velocity_x_acceleration^3,3.090946297892002e+48,volume_density^3,1.1374338967537114e+35,955145760551.0695,3.446616131381702e+32,3.090946297892119e+48,3.090946297892002e+48,5.0,1.5454731489460598e+48,1.54547314894606e+48,1.54547314894606e+48
E_n3,reversal_after_persistence,541,1.002,direction_state,-3.0909462978921196e+48,-1.0,price_velocity_x_acceleration^3,-3.090946297892002e+48,volume_density^3,-1.1374338967537114e+35,-955145760551.0695,-3.446616131381581e+32,-3.090946297892119e+48,-3.090946297892002e+48,-5.0,1.5454731489460598e+48,1.5454731489460598e+48,1.5454731489460598e+48
E_n3,reversal_after_persistence,541,1.002,magnitude_state,-3.0909462978921196e+48,0.09231782079298247,price_velocity_x_acceleration^3,-3.090946297892002e+48,volume_density^3,-1.1374338967537114e+35,-955145760551.0695,-3.446616131381631e+32,-3.090946297892119e+48,-3.090946297892002e+48,-5.0,1.5454731489460598e+48,1.5454731489460598e+48,1.5454731489460598e+48
E_n3,reversal_after_persistence,541,1.002,strength,3.0909462978921196e+48,0.7986884239654222,price_velocity_x_acceleration^3,3.090946297892002e+48,volume_density^3,1.1374338967537114e+35,955145760551.0695,3.446616131381718e+32,3.090946297892119e+48,3.090946297892002e+48,5.0,1.5454731489460598e+48,1.5454731489460598e+48,1.5454731489460598e+48
E_n3,reversal_after_persistence,541,1.002,persistence,3.0909462978921196e+48,0.016666666666666666,price_velocity_x_acceleration^3,3.090946297892002e+48,volume_density^3,1.1374338967537114e+35,955145760551.0695,3.446616131381635e+32,3.090946297892119e+48,3.090946297892002e+48,5.0,1.5454731489460598e+48,1.5454731489460598e+48,1.5454731489460598e+48
E_n3,reversal_after_persistence,541,1.002,observation_half_life,3.0909462978921196e+48,5.0,price_velocity_x_acceleration^3,3.090946297892002e+48,volume_density^3,1.1374338967537114e+35,955145760551.0695,3.446616131382652e+32,3.090946297892119e+48,3.090946297892002e+48,5.0,1.5454731489460598e+48,1.5454731489460598e+48,1.5454731489460598e+48
E_n3,reversal_after_persistence,541,1.002,forward_half_life,3.0909462978921196e+48,5.0,price_velocity_x_acceleration^3,3.090946297892002e+48,volume_density^3,1.1374338967537114e+35,955145760551.0695,3.446616131382652e+32,3.090946297892119e+48,3.090946297892002e+48,5.0,1.5454731489460598e+48,1.5454731489460598e+48,1.5454731489460598e+48
E_n3,reversal_after_persistence,541,1.002,reinforcement,-3.0909462978921196e+48,0.010000000000000037,price_velocity_x_acceleration^3,-3.090946297892002e+48,volume_density^3,-1.1374338967537114e+35,-955145760551.0695,-3.4466161313816275e+32,-3.090946297892119e+48,-3.090946297892002e+48,-5.0,1.5454731489460598e+48,1.5454731489460598e+48,1.5454731489460598e+48
E_n3,reversal_after_persistence,541,1.002,uncertainty,3.0909462978921196e+48,0.40131157603457784,price_velocity_x_acceleration^3,3.090946297892002e+48,volume_density^3,1.1374338967537114e+35,955145760551.0695,3.446616131381766e+32,3.090946297892119e+48,3.090946297892002e+48,5.0,1.5454731489460598e+48,1.5454731489460598e+48,1.5454731489460598e+48
E_n3,reversal_after_persistence,541,1.002,reversal_tendency,3.0909462978921196e+48,0.7,price_velocity_x_acceleration^3,3.090946297892002e+48,volume_density^3,1.1374338967537114e+35,955145760551.0695,3.446616131381674e+32,3.090946297892119e+48,3.090946297892002e+48,5.0,1.5454731489460598e+48,1.5454731489460598e+48,1.5454731489460598e+48
E_n3,reversal_after_persistence,541,1.002,perturbation_state,3.0909462978921196e+48,0.8,price_velocity_x_acceleration^3,3.090946297892002e+48,volume_density^3,1.1374338967537114e+35,955145760551.0695,3.446616131381702e+32,3.090946297892119e+48,3.090946297892002e+48,5.0,1.5454731489460598e+48,1.5454731489460598e+48,1.5454731489460598e+48
D_n3,price_volume_divergence,251,1.002,direction_state,-2.957605744006434e+48,-1.0,price_velocity_x_acceleration^3,-2.957605744006525e+48,volume_density^3,9.489228929750847e+34,875490231958.2959,-2.3219494372421555e+32,-2.957605744006434e+48,-2.957605744006525e+48,5.0,1.478802872003217e+48,1.478802872003217e+48,1.478802872003217e+48
D_n3,price_volume_divergence,251,1.002,magnitude_state,-2.957605744006434e+48,0.09164113975453934,price_velocity_x_acceleration^3,-2.957605744006525e+48,volume_density^3,9.489228929750847e+34,875490231958.2959,-2.3219494372424178e+32,-2.957605744006434e+48,-2.957605744006525e+48,5.0,1.478802872003217e+48,1.478802872003217e+48,1.478802872003217e+48
D_n3,price_volume_divergence,251,1.002,strength,2.957605744006434e+48,0.7349055148943014,price_velocity_x_acceleration^3,2.957605744006525e+48,volume_density^3,-9.489228929750847e+34,-875490231958.2959,2.3219494372428357e+32,2.957605744006434e+48,2.957605744006525e+48,-5.0,1.478802872003217e+48,1.478802872003217e+48,1.478802872003217e+48
D_n3,price_volume_divergence,251,1.002,persistence,2.957605744006434e+48,1.0,price_velocity_x_acceleration^3,2.957605744006525e+48,volume_density^3,-9.489228929750847e+34,-875490231958.2959,2.321949437243321e+32,2.957605744006434e+48,2.957605744006525e+48,-5.0,1.478802872003217e+48,1.478802872003217e+48,1.478802872003217e+48
D_n3,price_volume_divergence,251,1.002,observation_half_life,2.957605744006434e+48,300.0,price_velocity_x_acceleration^3,2.957605744006525e+48,volume_density^3,-9.489228929750847e+34,-875490231958.2959,2.3219494375126273e+32,2.957605744006434e+48,2.957605744006525e+48,-5.0,1.478802872003217e+48,1.478802872003217e+48,1.478802872003217e+48
D_n3,price_volume_divergence,251,1.002,forward_half_life,2.957605744006434e+48,300.0,price_velocity_x_acceleration^3,2.957605744006525e+48,volume_density^3,-9.489228929750847e+34,-875490231958.2959,2.3219494375126273e+32,2.957605744006434e+48,2.957605744006525e+48,-5.0,1.478802872003217e+48,1.478802872003217e+48,1.478802872003217e+48
D_n3,price_volume_divergence,251,1.002,reinforcement,-2.957605744006434e+48,0.31000000000000005,price_velocity_x_acceleration^3,-2.957605744006525e+48,volume_density^3,9.489228929750847e+34,875490231958.2959,-2.3219494372423234e+32,-2.957605744006434e+48,-2.957605744006525e+48,5.0,1.478802872003217e+48,1.478802872003217e+48,1.478802872003217e+48
D_n3,price_volume_divergence,251,1.002,uncertainty,2.957605744006434e+48,0.46509448510569856,price_velocity_x_acceleration^3,2.957605744006525e+48,volume_density^3,-9.489228929750847e+34,-875490231958.2959,2.3219494372430033e+32,2.957605744006434e+48,2.957605744006525e+48,-5.0,1.478802872003217e+48,1.478802872003217e+48,1.478802872003217e+48
D_n3,price_volume_divergence,251,1.002,reversal_tendency,2.957605744006434e+48,0.4,price_velocity_x_acceleration^3,2.957605744006525e+48,volume_density^3,-9.489228929750847e+34,-875490231958.2959,2.3219494372426534e+32,2.957605744006434e+48,2.957605744006525e+48,-5.0,1.478802872003217e+48,1.478802872003217e+48,1.478802872003217e+48
D_n3,price_volume_divergence,251,1.002,perturbation_state,2.957605744006434e+48,0.8,price_velocity_x_acceleration^3,2.957605744006525e+48,volume_density^3,-9.489228929750847e+34,-875490231958.2959,2.321949437242822e+32,2.957605744006434e+48,2.957605744006525e+48,-5.0,1.478802872003217e+48,1.478802872003217e+48,1.478802872003217e+48
E_n3,price_volume_divergence,251,1.002,direction_state,-2.957605744006434e+48,-1.0,price_velocity_x_acceleration^3,-2.957605744006525e+48,volume_density^3,9.489228929750847e+34,875490231958.2959,-2.3219494372421555e+32,-2.957605744006434e+48,-2.957605744006525e+48,5.0,1.478802872003217e+48,1.478802872003217e+48,1.478802872003217e+48
E_n3,price_volume_divergence,251,1.002,magnitude_state,-2.957605744006434e+48,0.09164113975453934,price_velocity_x_acceleration^3,-2.957605744006525e+48,volume_density^3,9.489228929750847e+34,875490231958.2959,-2.3219494372424178e+32,-2.957605744006434e+48,-2.957605744006525e+48,5.0,1.478802872003217e+48,1.478802872003217e+48,1.478802872003217e+48
E_n3,price_volume_divergence,251,1.002,strength,2.957605744006434e+48,0.7349055148943014,price_velocity_x_acceleration^3,2.957605744006525e+48,volume_density^3,-9.489228929750847e+34,-875490231958.2959,2.3219494372428357e+32,2.957605744006434e+48,2.957605744006525e+48,-5.0,1.478802872003217e+48,1.478802872003217e+48,1.478802872003217e+48
E_n3,price_volume_divergence,251,1.002,persistence,2.957605744006434e+48,0.016666666666666666,price_velocity_x_acceleration^3,2.957605744006525e+48,volume_density^3,-9.489228929750847e+34,-875490231958.2959,2.3219494372424337e+32,2.957605744006434e+48,2.957605744006525e+48,-5.0,1.478802872003217e+48,1.478802872003217e+48,1.478802872003217e+48
E_n3,price_volume_divergence,251,1.002,observation_half_life,2.957605744006434e+48,5.0,price_velocity_x_acceleration^3,2.957605744006525e+48,volume_density^3,-9.489228929750847e+34,-875490231958.2959,2.321949437246922e+32,2.957605744006434e+48,2.957605744006525e+48,-5.0,1.478802872003217e+48,1.478802872003217e+48,1.478802872003217e+48
E_n3,price_volume_divergence,251,1.002,forward_half_life,2.957605744006434e+48,5.0,price_velocity_x_acceleration^3,2.957605744006525e+48,volume_density^3,-9.489228929750847e+34,-875490231958.2959,2.3219494372480614e+32,2.957605744006434e+48,2.957605744006525e+48,-5.0,1.478802872003217e+48,1.478802872003217e+48,1.478802872003217e+48
E_n3,price_volume_divergence,251,1.002,reinforcement,-2.957605744006434e+48,0.31000000000000005,price_velocity_x_acceleration^3,-2.957605744006525e+48,volume_density^3,9.489228929750847e+34,875490231958.2959,-2.3219494372423234e+32,-2.957605744006434e+48,-2.957605744006525e+48,5.0,1.478802872003217e+48,1.478802872003217e+48,1.478802872003217e+48
E_n3,price_volume_divergence,251,1.002,uncertainty,2.957605744006434e+48,0.46509448510569856,price_velocity_x_acceleration^3,2.957605744006525e+48,volume_density^3,-9.489228929750847e+34,-875490231958.2959,2.3219494372430033e+32,2.957605744006434e+48,2.957605744006525e+48,-5.0,1.478802872003217e+48,1.478802872003217e+48,1.478802872003217e+48
E_n3,price_volume_divergence,251,1.002,reversal_tendency,2.957605744006434e+48,0.4,price_velocity_x_acceleration^3,2.957605744006525e+48,volume_density^3,-9.489228929750847e+34,-875490231958.2959,2.3219494372426534e+32,2.957605744006434e+48,2.957605744006525e+48,-5.0,1.478802872003217e+48,1.478802872003217e+48,1.478802872003217e+48
E_n3,price_volume_divergence,251,1.002,perturbation_state,2.957605744006434e+48,0.8,price_velocity_x_acceleration^3,2.957605744006525e+48,volume_density^3,-9.489228929750847e+34,-875490231958.2959,2.321949437242822e+32,2.957605744006434e+48,2.957605744006525e+48,-5.0,1.478802872003217e+48,1.478802872003217e+48,1.478802872003217e+48
D_n3,reinforcement_extends_half_life,441,1.002,observation_half_life,5.801468865879321e+45,300.0,price_velocity_x_acceleration^3,5.801468865851013e+45,volume_density^3,2.845402327015971e+34,1089906178205.5616,1.2005530384145158e+31,5.801468865879308e+45,5.801468865851027e+45,5.0,2.9007344324572454e+45,2.9007344329396606e+45,2.9007344329396606e+45
D_n3,reinforcement_extends_half_life,441,1.002,forward_half_life,5.801468865879321e+45,300.0,price_velocity_x_acceleration^3,5.801468865851013e+45,volume_density^3,2.845402327015971e+34,1089906178205.5616,1.2005530384145158e+31,5.801468865879308e+45,5.801468865851027e+45,5.0,2.9007344324572454e+45,2.9007344329396606e+45,2.9007344329396606e+45
E_n3,reinforcement_extends_half_life,441,1.002,observation_half_life,5.801468864927393e+45,5.0,price_velocity_x_acceleration^3,5.801468864899085e+45,volume_density^3,2.845402327015971e+34,1089906178205.5616,1.2005530384122278e+31,5.80146886492738e+45,5.801468864899099e+45,5.0,2.9007344324572454e+45,2.9007344324636964e+45,2.9007344324636964e+45
E_n3,reinforcement_extends_half_life,441,1.002,forward_half_life,5.801468864927393e+45,5.0,price_velocity_x_acceleration^3,5.801468864899085e+45,volume_density^3,2.845402327015971e+34,1089906178205.5616,1.2005530384122278e+31,5.80146886492738e+45,5.801468864899099e+45,5.0,2.9007344324572454e+45,2.9007344324636964e+45,2.9007344324636964e+45
D_n3,reinforcement_extends_half_life,441,1.002,persistence,5.801468864914491e+45,1.0,price_velocity_x_acceleration^3,5.801468864886183e+45,volume_density^3,2.845402327015971e+34,1089906178205.5616,1.200553038412197e+31,5.801468864914478e+45,5.801468864886197e+45,5.0,2.9007344324572454e+45,2.9007344329396606e+45,2.9007344329396606e+45
D_n3,reinforcement_extends_half_life,441,1.002,perturbation_state,5.801468864914491e+45,0.8,price_velocity_x_acceleration^3,5.801468864886183e+45,volume_density^3,2.845402327015971e+34,1089906178205.5616,1.2005530384121902e+31,5.801468864914478e+45,5.801468864886197e+45,5.0,2.9007344324572454e+45,2.9007344329396606e+45,2.9007344329396606e+45
E_n3,reinforcement_extends_half_life,441,1.002,perturbation_state,5.801468864914491e+45,0.8,price_velocity_x_acceleration^3,5.801468864886183e+45,volume_density^3,2.845402327015971e+34,1089906178205.5616,1.2005530384121902e+31,5.801468864914478e+45,5.801468864886197e+45,5.0,2.9007344324572454e+45,2.9007344324636964e+45,2.9007344324636964e+45
D_n3,reinforcement_extends_half_life,441,1.002,strength,5.801468864914487e+45,1.0,price_velocity_x_acceleration^3,5.801468864886179e+45,volume_density^3,2.845402327015971e+34,1089906178205.5616,1.2005530384121915e+31,5.801468864914474e+45,5.801468864886193e+45,5.0,2.9007344324572454e+45,2.9007344329396606e+45,2.9007344329396606e+45
E_n3,reinforcement_extends_half_life,441,1.002,strength,5.801468864914487e+45,1.0,price_velocity_x_acceleration^3,5.801468864886179e+45,volume_density^3,2.845402327015971e+34,1089906178205.5616,1.2005530384121915e+31,5.801468864914474e+45,5.801468864886193e+45,5.0,2.9007344324572454e+45,2.9007344324636964e+45,2.9007344324636964e+45
D_n3,reinforcement_extends_half_life,441,1.002,reversal_tendency,5.801468864913843e+45,0.7,price_velocity_x_acceleration^3,5.801468864885535e+45,volume_density^3,2.845402327015971e+34,1089906178205.5616,1.20055303841219e+31,5.80146886491383e+45,5.801468864885549e+45,5.0,2.9007344324572454e+45,2.9007344329396606e+45,2.9007344329396606e+45
E_n3,reinforcement_extends_half_life,441,1.002,reversal_tendency,5.801468864913843e+45,0.7,price_velocity_x_acceleration^3,5.801468864885535e+45,volume_density^3,2.845402327015971e+34,1089906178205.5616,1.20055303841219e+31,5.80146886491383e+45,5.801468864885549e+45,5.0,2.9007344324572454e+45,2.9007344324636964e+45,2.9007344324636964e+45
D_n3,reinforcement_extends_half_life,441,1.002,uncertainty,5.801468864912072e+45,0.2,price_velocity_x_acceleration^3,5.801468864883764e+45,volume_density^3,2.845402327015971e+34,1089906178205.5616,1.2005530384121942e+31,5.801468864912059e+45,5.801468864883778e+45,5.0,2.9007344324572454e+45,2.9007344329396606e+45,2.9007344329396606e+45
E_n3,reinforcement_extends_half_life,441,1.002,uncertainty,5.801468864912072e+45,0.2,price_velocity_x_acceleration^3,5.801468864883764e+45,volume_density^3,2.845402327015971e+34,1089906178205.5616,1.2005530384121942e+31,5.801468864912059e+45,5.801468864883778e+45,5.0,2.9007344324572454e+45,2.9007344324636964e+45,2.9007344324636964e+45
E_n3,reinforcement_extends_half_life,441,1.002,persistence,5.80146886491132e+45,0.016666666666666666,price_velocity_x_acceleration^3,5.801468864883012e+45,volume_density^3,2.845402327015971e+34,1089906178205.5616,1.2005530384121893e+31,5.801468864911308e+45,5.801468864883026e+45,5.0,2.9007344324572454e+45,2.9007344324636964e+45,2.9007344324636964e+45
D_n3,reinforcement_extends_half_life,441,1.002,magnitude_state,-5.801468864911206e+45,0.039445706764203975,price_velocity_x_acceleration^3,-5.801468864882898e+45,volume_density^3,-2.845402327015971e+34,-1089906178205.5616,-1.200553038412189e+31,-5.801468864911194e+45,-5.801468864882912e+45,-5.0,2.9007344324572454e+45,2.9007344329396606e+45,2.9007344329396606e+45
E_n3,reinforcement_extends_half_life,441,1.002,magnitude_state,-5.801468864911206e+45,0.039445706764203975,price_velocity_x_acceleration^3,-5.801468864882898e+45,volume_density^3,-2.845402327015971e+34,-1089906178205.5616,-1.200553038412189e+31,-5.801468864911194e+45,-5.801468864882912e+45,-5.0,2.9007344324572454e+45,2.9007344324636964e+45,2.9007344324636964e+45
D_n3,reinforcement_extends_half_life,441,1.002,reinforcement,-5.801468864911106e+45,0.010000000000000037,price_velocity_x_acceleration^3,-5.801468864882798e+45,volume_density^3,-2.845402327015971e+34,-1089906178205.5616,-1.2005530384121881e+31,-5.801468864911093e+45,-5.801468864882812e+45,-5.0,2.9007344324572454e+45,2.9007344329396606e+45,2.9007344329396606e+45
E_n3,reinforcement_extends_half_life,441,1.002,reinforcement,-5.801468864911106e+45,0.010000000000000037,price_velocity_x_acceleration^3,-5.801468864882798e+45,volume_density^3,-2.845402327015971e+34,-1089906178205.5616,-1.2005530384121881e+31,-5.801468864911093e+45,-5.801468864882812e+45,-5.0,2.9007344324572454e+45,2.9007344324636964e+45,2.9007344324636964e+45
D_n3,reinforcement_extends_half_life,441,1.002,direction_state,-5.801468864908046e+45,-1.0,price_velocity_x_acceleration^3,-5.801468864879738e+45,volume_density^3,-2.845402327015971e+34,-1089906178205.5616,-1.2005530384121881e+31,-5.801468864908033e+45,-5.801468864879752e+45,-5.0,2.9007344324572454e+45,2.9007344329396606e+45,2.9007344329396606e+45
E_n3,reinforcement_extends_half_life,441,1.002,direction_state,-5.801468864908046e+45,-1.0,price_velocity_x_acceleration^3,-5.801468864879738e+45,volume_density^3,-2.845402327015971e+34,-1089906178205.5616,-1.2005530384121881e+31,-5.801468864908033e+45,-5.801468864879752e+45,-5.0,2.9007344324572454e+45,2.9007344324636964e+45,2.9007344324636964e+45
