experiment_id,base_feature,degree,min,max,mean,std,p95,p99,abs_max,amp_ratio_vs_x
ALL,bias,0,1.0,1.0,1.0,0.0,1.0,1.0,1.0,1.0
ALL,directional_volume,1,-1.9913438003912423,1.3086780833639244,0.30925903910184127,0.5459723861606491,0.782582828416522,0.9739436018371582,1.9913438003912423,1.0
ALL,directional_volume,2,0.0,3.9654501313566355,0.3937269997161471,0.25921438567238536,0.6775169350110857,1.0576385641207933,3.9654501313566355,1.9913438003912423
ALL,directional_volume,3,-7.896574534837673,2.2412922418044103,0.15135355338106785,0.39517637651978726,0.4771715564045032,0.9238499225433839,7.896574534837673,3.9654501313566355
ALL,price_acceleration,1,-140421043670.4378,444412991.7075738,-514981328.2645695,7101759991.578529,0.001065783327040556,0.017271003474800904,140421043670.4378,1.0
ALL,price_acceleration,2,0.0,1.9718069505495e+22,5.07002007464466e+19,8.085393815872863e+20,2.422300811018564e-06,8525233332.2381525,1.9718069505495e+22,140421043670.4378
ALL,price_acceleration,3,-2.7688318991278413e+33,8.777285785901804e+25,-5.59512859291115e+30,1.0119387991013019e+32,1.2106169932743758e-09,5.151725502980034e-06,2.7688318991278413e+33,1.9718069505495e+22
ALL,price_displacement,1,-0.140421042223176,0.017701916366316118,0.00010623597356983803,0.007215257804419058,0.0018475235649513012,0.0023455071611499616,0.140421042223176,1.0
ALL,price_displacement,2,0.0,0.019718069099042976,5.2071231266310474e-05,0.0008085194485357454,3.5954241892148286e-06,7.010436045626342e-06,0.019718069099042976,0.140421042223176
ALL,price_displacement,3,-0.0027688318135162156,5.547034330224186e-06,-5.587967745422413e-06,0.00010119443672900223,6.306232224604732e-09,1.2903582110147911e-08,0.0027688318135162156,0.019718069099042976
ALL,price_velocity,1,-140421.04222317602,444.41378614505123,-514.9811348697499,7101.759931016362,0.0019576070903593312,0.0025721165662315843,140421.04222317602,1.0
ALL,price_velocity,2,0.0,19718069099.04298,50700199.68706124,808539363.8152395,4.066749006579411e-06,0.0003133578430400504,19718069099.04298,140421.04222317602
ALL,price_velocity,3,-2768831813516216.5,87773328.57099365,-5595128407939.683,101193876659416.97,7.501991850248685e-09,1.7016566674054523e-08,2768831813516216.5,19718069099.04298
ALL,price_velocity_x_acceleration,1,-0.6478263774469027,1.971806930226899e+16,20280080086694.69,511968055014905.7,8.213061676434269e-07,7.142200309099412e-06,1.971806930226899e+16,1.0
ALL,price_velocity_x_acceleration,2,0.0,3.888022570090828e+32,2.6252257100406828e+29,8.486452610208154e+30,1.0070371784490214e-12,1.5256735183442103e-10,3.888022570090828e+32,1.971806930226899e+16
ALL,price_velocity_x_acceleration,3,-0.27187913618263254,7.666429848583695e+48,4.1086025860999365e+45,1.60880098093815e+47,5.532620908938184e-19,3.6433096034587973e-16,7.666429848583695e+48,3.888022570090828e+32
ALL,relative_volume,1,0.0,1014.3453726593191,1.6867544535110393,29.797545103033134,1.2862427392409306,1.803089456225304,1014.3453726593191,1.0
ALL,relative_volume,2,0.0,1028896.535035373,890.7388347537334,30245.277615334067,1.6544203842500125,3.251131587150862,1028896.535035373,1014.3453726593191
ALL,relative_volume,3,0.0,1043656439.2583375,902622.9469909121,30679183.663577646,2.1194464495761745,5.862081085592758,1043656439.2583375,1028896.535035373
ALL,relative_volume_x_price_velocity,1,-244687.5835698596,871.5127052868045,-241.9961670491515,6051.374903387518,0.0015037754683593961,0.002280727515719847,244687.5835698596,1.0
ALL,relative_volume_x_price_velocity,2,0.0,59872013553.25702,36677700.366214775,1288121679.7891777,2.5988951994809227e-06,5.827374979411073e-06,59872013553.25702,244687.5835698596
ALL,relative_volume_x_price_velocity,3,-1.4649938319808342e+16,661943875.7599492,-7372658062834.748,306928553093422.4,3.376643310460823e-09,1.1863701373808413e-08,1.4649938319808342e+16,59872013553.25702
ALL,spread,1,0.020000000000010232,0.030000000000001137,0.024378378378384632,0.004622806865558023,0.030000000000001137,0.030000000000001137,0.030000000000001137,1.0
ALL,spread,2,0.00040000000000040925,0.0009000000000000682,0.0006156756756759415,0.0002308566952301339,0.0009000000000000682,0.0009000000000000682,0.0009000000000000682,0.030000000000001137
ALL,spread,3,8.000000000012278e-06,2.700000000000307e-05,1.6075675675684312e-05,8.773213390316922e-06,2.700000000000307e-05,2.700000000000307e-05,2.700000000000307e-05,0.0009000000000000682
ALL,spread_change,1,-0.009999999999990905,0.009999999999990905,1.0810810810800978e-05,0.0007710238134864098,0.0,0.0,0.009999999999990905,1.0
ALL,spread_change,2,0.0,9.99999999998181e-05,5.94594594593513e-07,7.419694243921646e-06,0.0,0.0,9.99999999998181e-05,0.009999999999990905
ALL,spread_change,3,-9.999999999972714e-07,9.999999999972714e-07,1.0810810810781313e-09,7.374293493518985e-08,0.0,0.0,9.999999999972714e-07,9.999999999981809e-05
ALL,volume_density,1,0.0,373965500093.44904,91114247022.51646,141450534504.8575,348794893653.30914,367815825881.8526,373965500093.44904,1.0
ALL,volume_density,2,0.0,1.3985019526014343e+23,2.8310059722190038e+22,4.541895784421447e+22,1.2165787783862323e+23,1.352884817691493e+23,1.3985019526014343e+23,373965500093.44904
ALL,volume_density,3,0.0,5.229914820862603e+34,8.941849511629414e+33,1.4989518464381828e+34,4.239884605940881e+34,4.976124465422161e+34,5.229914820862603e+34,1.3985019526014342e+23
ALL,volume_density_x_price_displacement,1,-46222874816.639786,931578576.7396669,-21282807.109667573,1315047188.257527,381360917.10560966,714277611.4303367,46222874816.639786,1.0
ALL,volume_density_x_price_displacement,2,0.0,2.1365541563147525e+21,1.7298020652224955e+18,4.9262479254030524e+19,1.6459622236794854e+17,5.828941816123899e+17,2.1365541563147525e+21,46222874816.639786
ALL,volume_density_x_price_displacement,3,-9.875767530630823e+31,8.084598894136955e+26,-6.139217753777926e+28,2.1192376182601812e+30,5.53699943666556e+25,3.644190846914984e+26,9.875767530630823e+31,2.1365541563147525e+21
ALL,volume_log,1,0.0,6.922984102227518,0.5593551725552408,0.3497138574826051,0.8269097448801396,1.030722186131228,6.922984102227518,1.0
ALL,volume_log,2,0.0,47.92770887969495,0.43517799117966705,1.4210855764788148,0.6837797261777375,1.0623882249831376,47.92770887969495,6.922984102227518
ALL,volume_log,3,0.0,331.80276663031674,0.5758313403692707,9.750031988798261,0.563874052915038,1.0950271137746943,331.80276663031674,47.92770887969495
ALL,volume_log_x_price_displacement,1,-0.14166799310702044,0.023166109982139062,2.016132460527974e-05,0.0037119575987272905,0.0010092400795531028,0.0014321475468500784,0.14166799310702044,1.0
ALL,volume_log_x_price_displacement,2,0.0,0.02006982027097079,1.3779035693759112e-05,0.0004394827667077912,1.1672788131421884e-06,2.2681843507208864e-06,0.02006982027097079,0.14166799310702044
ALL,volume_log_x_price_displacement,3,-0.002843251159807029,1.243252500935419e-05,-1.508356602214371e-06,5.994384583936587e-05,1.0272233271075513e-09,2.937401350863131e-09,0.002843251159807029,0.02006982027097079
ALL,volume_movement_abs,1,0.0,0.14166799310702044,0.0007754157781427744,0.005191994006017868,0.0012852310360307337,0.0016776661272558647,0.14166799310702044,1.0
ALL,volume_movement_abs,2,0.0,0.02006982027097079,2.7558071387518224e-05,0.0006212169353913091,1.6518188159766332e-06,2.8145636345416913e-06,0.02006982027097079,0.14166799310702044
ALL,volume_movement_abs,3,0.0,0.002843251159807029,3.038902668542556e-06,8.474576483740846e-05,2.1209746000159205e-09,4.72189807267675e-09,0.002843251159807029,0.02006982027097079
ALL,volume_movement_signed,1,-0.14166799310702044,0.023166109982139062,4.032264921055948e-05,0.005249423346566637,0.0012323064507482316,0.0015574161626328185,0.14166799310702044,1.0
ALL,volume_movement_signed,2,0.0,0.02006982027097079,2.7558071387518224e-05,0.0006212169353913091,1.6518188159766332e-06,2.8145636345416913e-06,0.02006982027097079,0.14166799310702044
ALL,volume_movement_signed,3,-0.002843251159807029,1.243252500935419e-05,-3.0167132044287417e-06,8.474655762181986e-05,1.865651925759354e-09,3.777583147588153e-09,0.002843251159807029,0.02006982027097079
A_n1,bias,0,1.0,1.0,1.0,0.0,1.0,1.0,1.0,1.0
A_n1,directional_volume,1,0.0,0.0,0.0,0.0,0.0,0.0,0.0,1.0
A_n1,price_acceleration,1,-140421043670.4378,444412991.7075738,-514981328.26456964,7101759991.578529,0.0010656190174118264,0.015589312693097091,140421043670.4378,1.0
A_n1,price_displacement,1,-0.140421042223176,0.017701916366316118,0.000106235973569838,0.007215257804419058,0.0018453866685541381,0.0023407134685065442,0.140421042223176,1.0
A_n1,price_velocity,1,-140421.04222317602,444.41378614505123,-514.9811348697498,7101.759931016362,0.001955619453824766,0.0025660425712971118,140421.04222317602,1.0
A_n1,price_velocity_x_acceleration,1,0.0,0.0,0.0,0.0,0.0,0.0,0.0,1.0
A_n1,relative_volume,1,0.0,0.0,0.0,0.0,0.0,0.0,0.0,1.0
A_n1,relative_volume_x_price_velocity,1,0.0,0.0,0.0,0.0,0.0,0.0,0.0,1.0
A_n1,spread,1,0.020000000000010232,0.030000000000001137,0.02437837837838463,0.004622806865558023,0.030000000000001137,0.030000000000001137,0.030000000000001137,1.0
A_n1,spread_change,1,-0.009999999999990905,0.009999999999990905,1.0810810810800978e-05,0.0007710238134864099,0.0,0.0,0.009999999999990905,1.0
A_n1,volume_density,1,0.0,0.0,0.0,0.0,0.0,0.0,0.0,1.0
A_n1,volume_density_x_price_displacement,1,0.0,0.0,0.0,0.0,0.0,0.0,0.0,1.0
A_n1,volume_log,1,0.0,0.0,0.0,0.0,0.0,0.0,0.0,1.0
A_n1,volume_log_x_price_displacement,1,0.0,0.0,0.0,0.0,0.0,0.0,0.0,1.0
A_n1,volume_movement_abs,1,0.0,0.0,0.0,0.0,0.0,0.0,0.0,1.0
A_n1,volume_movement_signed,1,0.0,0.0,0.0,0.0,0.0,0.0,0.0,1.0
A_n2,bias,0,1.0,1.0,1.0,0.0,1.0,1.0,1.0,1.0
A_n2,directional_volume,1,0.0,0.0,0.0,0.0,0.0,0.0,0.0,1.0
A_n2,directional_volume,2,0.0,0.0,0.0,0.0,0.0,0.0,0.0,nan
A_n2,price_acceleration,1,-140421043670.4378,444412991.7075738,-514981328.26456964,7101759991.578529,0.0010656190174118264,0.015589312693097091,140421043670.4378,1.0
A_n2,price_acceleration,2,0.0,1.9718069505495e+22,5.070020074644661e+19,8.085393815872864e+20,2.39390136214322e-06,8524596610.28216,1.9718069505495e+22,140421043670.4378
A_n2,price_displacement,1,-0.140421042223176,0.017701916366316118,0.000106235973569838,0.007215257804419058,0.0018453866685541381,0.0023407134685065442,0.140421042223176,1.0
A_n2,price_displacement,2,0.0,0.019718069099042976,5.207123126631046e-05,0.0008085194485357454,3.5930191909749185e-06,6.918138360845341e-06,0.019718069099042976,0.140421042223176
A_n2,price_velocity,1,-140421.04222317602,444.41378614505123,-514.9811348697498,7101.759931016362,0.001955619453824766,0.0025660425712971118,140421.04222317602,1.0
A_n2,price_velocity,2,0.0,19718069099.04298,50700199.68706124,808539363.8152395,4.06101658659213e-06,0.00024117124500895582,19718069099.04298,140421.04222317602
A_n2,price_velocity_x_acceleration,1,0.0,0.0,0.0,0.0,0.0,0.0,0.0,1.0
A_n2,price_velocity_x_acceleration,2,0.0,0.0,0.0,0.0,0.0,0.0,0.0,nan
A_n2,relative_volume,1,0.0,0.0,0.0,0.0,0.0,0.0,0.0,1.0
A_n2,relative_volume,2,0.0,0.0,0.0,0.0,0.0,0.0,0.0,nan
A_n2,relative_volume_x_price_velocity,1,0.0,0.0,0.0,0.0,0.0,0.0,0.0,1.0
A_n2,relative_volume_x_price_velocity,2,0.0,0.0,0.0,0.0,0.0,0.0,0.0,nan
A_n2,spread,1,0.020000000000010232,0.030000000000001137,0.02437837837838463,0.004622806865558023,0.030000000000001137,0.030000000000001137,0.030000000000001137,1.0
A_n2,spread,2,0.00040000000000040925,0.0009000000000000682,0.0006156756756759414,0.00023085669523013392,0.0009000000000000682,0.0009000000000000682,0.0009000000000000682,0.030000000000001137
A_n2,spread_change,1,-0.009999999999990905,0.009999999999990905,1.0810810810800978e-05,0.0007710238134864099,0.0,0.0,0.009999999999990905,1.0
A_n2,spread_change,2,0.0,9.99999999998181e-05,5.94594594593513e-07,7.419694243921645e-06,0.0,0.0,9.99999999998181e-05,0.009999999999990905
A_n2,volume_density,1,0.0,0.0,0.0,0.0,0.0,0.0,0.0,1.0
A_n2,volume_density,2,0.0,0.0,0.0,0.0,0.0,0.0,0.0,nan
A_n2,volume_density_x_price_displacement,1,0.0,0.0,0.0,0.0,0.0,0.0,0.0,1.0
A_n2,volume_density_x_price_displacement,2,0.0,0.0,0.0,0.0,0.0,0.0,0.0,nan
A_n2,volume_log,1,0.0,0.0,0.0,0.0,0.0,0.0,0.0,1.0
A_n2,volume_log,2,0.0,0.0,0.0,0.0,0.0,0.0,0.0,nan
A_n2,volume_log_x_price_displacement,1,0.0,0.0,0.0,0.0,0.0,0.0,0.0,1.0
A_n2,volume_log_x_price_displacement,2,0.0,0.0,0.0,0.0,0.0,0.0,0.0,nan
A_n2,volume_movement_abs,1,0.0,0.0,0.0,0.0,0.0,0.0,0.0,1.0
A_n2,volume_movement_abs,2,0.0,0.0,0.0,0.0,0.0,0.0,0.0,nan
A_n2,volume_movement_signed,1,0.0,0.0,0.0,0.0,0.0,0.0,0.0,1.0
A_n2,volume_movement_signed,2,0.0,0.0,0.0,0.0,0.0,0.0,0.0,nan
A_n3,bias,0,1.0,1.0,1.0,0.0,1.0,1.0,1.0,1.0
A_n3,directional_volume,1,0.0,0.0,0.0,0.0,0.0,0.0,0.0,1.0
A_n3,directional_volume,2,0.0,0.0,0.0,0.0,0.0,0.0,0.0,nan
A_n3,directional_volume,3,0.0,0.0,0.0,0.0,0.0,0.0,0.0,nan
A_n3,price_acceleration,1,-140421043670.4378,444412991.7075738,-514981328.26456964,7101759991.578529,0.0010656190174118264,0.015589312693097091,140421043670.4378,1.0
A_n3,price_acceleration,2,0.0,1.9718069505495e+22,5.070020074644661e+19,8.085393815872864e+20,2.39390136214322e-06,8524596610.28216,1.9718069505495e+22,140421043670.4378
A_n3,price_acceleration,3,-2.7688318991278413e+33,8.777285785901804e+25,-5.595128592911152e+30,1.011938799101302e+32,1.2100575097545818e-09,4.174822465438245e-06,2.7688318991278413e+33,1.9718069505495e+22
A_n3,price_displacement,1,-0.140421042223176,0.017701916366316118,0.000106235973569838,0.007215257804419058,0.0018453866685541381,0.0023407134685065442,0.140421042223176,1.0
A_n3,price_displacement,2,0.0,0.019718069099042976,5.207123126631046e-05,0.0008085194485357454,3.5930191909749185e-06,6.918138360845341e-06,0.019718069099042976,0.140421042223176
A_n3,price_displacement,3,-0.0027688318135162156,5.547034330224186e-06,-5.5879677454224135e-06,0.00010119443672900223,6.284476643441895e-09,1.2825137812269532e-08,0.0027688318135162156,0.019718069099042976
A_n3,price_velocity,1,-140421.04222317602,444.41378614505123,-514.9811348697498,7101.759931016362,0.001955619453824766,0.0025660425712971118,140421.04222317602,1.0
A_n3,price_velocity,2,0.0,19718069099.04298,50700199.68706124,808539363.8152395,4.06101658659213e-06,0.00024117124500895582,19718069099.04298,140421.04222317602
A_n3,price_velocity,3,-2768831813516216.5,87773328.57099365,-5595128407939.684,101193876659417.0,7.479256448322192e-09,1.689719625185385e-08,2768831813516216.5,19718069099.04298
A_n3,price_velocity_x_acceleration,1,0.0,0.0,0.0,0.0,0.0,0.0,0.0,1.0
A_n3,price_velocity_x_acceleration,2,0.0,0.0,0.0,0.0,0.0,0.0,0.0,nan
A_n3,price_velocity_x_acceleration,3,0.0,0.0,0.0,0.0,0.0,0.0,0.0,nan
A_n3,relative_volume,1,0.0,0.0,0.0,0.0,0.0,0.0,0.0,1.0
A_n3,relative_volume,2,0.0,0.0,0.0,0.0,0.0,0.0,0.0,nan
A_n3,relative_volume,3,0.0,0.0,0.0,0.0,0.0,0.0,0.0,nan
A_n3,relative_volume_x_price_velocity,1,0.0,0.0,0.0,0.0,0.0,0.0,0.0,1.0
A_n3,relative_volume_x_price_velocity,2,0.0,0.0,0.0,0.0,0.0,0.0,0.0,nan
A_n3,relative_volume_x_price_velocity,3,0.0,0.0,0.0,0.0,0.0,0.0,0.0,nan
A_n3,spread,1,0.020000000000010232,0.030000000000001137,0.02437837837838463,0.004622806865558023,0.030000000000001137,0.030000000000001137,0.030000000000001137,1.0
A_n3,spread,2,0.00040000000000040925,0.0009000000000000682,0.0006156756756759414,0.00023085669523013392,0.0009000000000000682,0.0009000000000000682,0.0009000000000000682,0.030000000000001137
A_n3,spread,3,8.000000000012278e-06,2.700000000000307e-05,1.607567567568431e-05,8.773213390316924e-06,2.700000000000307e-05,2.700000000000307e-05,2.700000000000307e-05,0.0009000000000000682
A_n3,spread_change,1,-0.009999999999990905,0.009999999999990905,1.0810810810800978e-05,0.0007710238134864099,0.0,0.0,0.009999999999990905,1.0
A_n3,spread_change,2,0.0,9.99999999998181e-05,5.94594594593513e-07,7.419694243921645e-06,0.0,0.0,9.99999999998181e-05,0.009999999999990905
A_n3,spread_change,3,-9.999999999972714e-07,9.999999999972714e-07,1.0810810810781313e-09,7.374293493518986e-08,0.0,0.0,9.999999999972714e-07,9.999999999981809e-05
A_n3,volume_density,1,0.0,0.0,0.0,0.0,0.0,0.0,0.0,1.0
A_n3,volume_density,2,0.0,0.0,0.0,0.0,0.0,0.0,0.0,nan
A_n3,volume_density,3,0.0,0.0,0.0,0.0,0.0,0.0,0.0,nan
A_n3,volume_density_x_price_displacement,1,0.0,0.0,0.0,0.0,0.0,0.0,0.0,1.0
A_n3,volume_density_x_price_displacement,2,0.0,0.0,0.0,0.0,0.0,0.0,0.0,nan
A_n3,volume_density_x_price_displacement,3,0.0,0.0,0.0,0.0,0.0,0.0,0.0,nan
A_n3,volume_log,1,0.0,0.0,0.0,0.0,0.0,0.0,0.0,1.0
A_n3,volume_log,2,0.0,0.0,0.0,0.0,0.0,0.0,0.0,nan
A_n3,volume_log,3,0.0,0.0,0.0,0.0,0.0,0.0,0.0,nan
A_n3,volume_log_x_price_displacement,1,0.0,0.0,0.0,0.0,0.0,0.0,0.0,1.0
A_n3,volume_log_x_price_displacement,2,0.0,0.0,0.0,0.0,0.0,0.0,0.0,nan
A_n3,volume_log_x_price_displacement,3,0.0,0.0,0.0,0.0,0.0,0.0,0.0,nan
A_n3,volume_movement_abs,1,0.0,0.0,0.0,0.0,0.0,0.0,0.0,1.0
A_n3,volume_movement_abs,2,0.0,0.0,0.0,0.0,0.0,0.0,0.0,nan
A_n3,volume_movement_abs,3,0.0,0.0,0.0,0.0,0.0,0.0,0.0,nan
A_n3,volume_movement_signed,1,0.0,0.0,0.0,0.0,0.0,0.0,0.0,1.0
A_n3,volume_movement_signed,2,0.0,0.0,0.0,0.0,0.0,0.0,0.0,nan
A_n3,volume_movement_signed,3,0.0,0.0,0.0,0.0,0.0,0.0,0.0,nan
B_n1,bias,0,1.0,1.0,1.0,0.0,1.0,1.0,1.0,1.0
B_n1,directional_volume,1,-1.9913438003912423,1.3086780833639244,0.3865737988773016,0.5854224523083783,0.8136630661969578,0.9852141824271358,1.9913438003912423,1.0
B_n1,price_acceleration,1,-140421043670.4378,444412991.7075738,-514981328.26456964,7101759991.578529,0.0010656190174118264,0.015589312693097091,140421043670.4378,1.0
B_n1,price_displacement,1,-0.140421042223176,0.017701916366316118,0.000106235973569838,0.007215257804419058,0.0018453866685541381,0.0023407134685065442,0.140421042223176,1.0
B_n1,price_velocity,1,-140421.04222317602,444.41378614505123,-514.9811348697498,7101.759931016362,0.001955619453824766,0.0025660425712971118,140421.04222317602,1.0
B_n1,price_velocity_x_acceleration,1,0.0,0.0,0.0,0.0,0.0,0.0,0.0,1.0
B_n1,relative_volume,1,0.21393523777255094,1014.3453726593191,2.1084430668887992,33.30132146440821,1.3430578674539562,1.867309186601977,1014.3453726593191,1.0
B_n1,relative_volume_x_price_velocity,1,0.0,0.0,0.0,0.0,0.0,0.0,0.0,1.0
B_n1,spread,1,0.020000000000010232,0.030000000000001137,0.02437837837838463,0.004622806865558023,0.030000000000001137,0.030000000000001137,0.030000000000001137,1.0
B_n1,spread_change,1,-0.009999999999990905,0.009999999999990905,1.0810810810800978e-05,0.0007710238134864099,0.0,0.0,0.009999999999990905,1.0
B_n1,volume_density,1,1010.781458664871,373965500093.44904,113892808778.14558,149719747399.47403,351964379668.28284,368835540746.8293,373965500093.44904,1.0
B_n1,volume_density_x_price_displacement,1,0.0,0.0,0.0,0.0,0.0,0.0,0.0,1.0
B_n1,volume_log,1,0.19386734506323874,6.922984102227518,0.699193965694051,0.23473450387961714,0.8514567734619067,1.0533711670030603,6.922984102227518,1.0
B_n1,volume_log_x_price_displacement,1,0.0,0.0,0.0,0.0,0.0,0.0,0.0,1.0
B_n1,volume_movement_abs,1,0.0,0.14166799310702044,0.0009692697226784679,0.0057886186123371946,0.0013401869762758524,0.0018169308122545798,0.14166799310702044,1.0
B_n1,volume_movement_signed,1,-0.14166799310702044,0.023166109982139062,5.0403311513199376e-05,0.005868990436232307,0.00128631196984567,0.0015775606327991614,0.14166799310702044,1.0
B_n2,bias,0,1.0,1.0,1.0,0.0,1.0,1.0,1.0,1.0
B_n2,directional_volume,1,-1.9913438003912423,1.3086780833639244,0.3865737988773016,0.5854224523083783,0.8136630661969578,0.9852141824271358,1.9913438003912423,1.0
B_n2,directional_volume,2,0.0,3.9654501313566355,0.49215874964518386,0.1885366680620192,0.7233120789356678,1.0914614807159269,3.9654501313566355,1.9913438003912423
B_n2,price_acceleration,1,-140421043670.4378,444412991.7075738,-514981328.26456964,7101759991.578529,0.0010656190174118264,0.015589312693097091,140421043670.4378,1.0
B_n2,price_acceleration,2,0.0,1.9718069505495e+22,5.070020074644661e+19,8.085393815872864e+20,2.39390136214322e-06,8524596610.28216,1.9718069505495e+22,140421043670.4378
B_n2,price_displacement,1,-0.140421042223176,0.017701916366316118,0.000106235973569838,0.007215257804419058,0.0018453866685541381,0.0023407134685065442,0.140421042223176,1.0
B_n2,price_displacement,2,0.0,0.019718069099042976,5.207123126631046e-05,0.0008085194485357454,3.5930191909749185e-06,6.918138360845341e-06,0.019718069099042976,0.140421042223176
B_n2,price_velocity,1,-140421.04222317602,444.41378614505123,-514.9811348697498,7101.759931016362,0.001955619453824766,0.0025660425712971118,140421.04222317602,1.0
B_n2,price_velocity,2,0.0,19718069099.04298,50700199.68706124,808539363.8152395,4.06101658659213e-06,0.00024117124500895582,19718069099.04298,140421.04222317602
B_n2,price_velocity_x_acceleration,1,0.0,0.0,0.0,0.0,0.0,0.0,0.0,1.0
B_n2,price_velocity_x_acceleration,2,0.0,0.0,0.0,0.0,0.0,0.0,0.0,nan
B_n2,relative_volume,1,0.21393523777255094,1014.3453726593191,2.1084430668887992,33.30132146440821,1.3430578674539562,1.867309186601977,1014.3453726593191,1.0
B_n2,relative_volume,2,0.045768285960797905,1028896.535035373,1113.4235434421666,33811.5820413415,1.803805354798494,3.4868904900757465,1028896.535035373,1014.3453726593191
B_n2,relative_volume_x_price_velocity,1,0.0,0.0,0.0,0.0,0.0,0.0,0.0,1.0
B_n2,relative_volume_x_price_velocity,2,0.0,0.0,0.0,0.0,0.0,0.0,0.0,nan
B_n2,spread,1,0.020000000000010232,0.030000000000001137,0.02437837837838463,0.004622806865558023,0.030000000000001137,0.030000000000001137,0.030000000000001137,1.0
B_n2,spread,2,0.00040000000000040925,0.0009000000000000682,0.0006156756756759414,0.00023085669523013392,0.0009000000000000682,0.0009000000000000682,0.0009000000000000682,0.030000000000001137
B_n2,spread_change,1,-0.009999999999990905,0.009999999999990905,1.0810810810800978e-05,0.0007710238134864099,0.0,0.0,0.009999999999990905,1.0
B_n2,spread_change,2,0.0,9.99999999998181e-05,5.94594594593513e-07,7.419694243921645e-06,0.0,0.0,9.99999999998181e-05,0.009999999999990905
B_n2,volume_density,1,1010.781458664871,373965500093.44904,113892808778.14558,149719747399.47403,351964379668.28284,368835540746.8293,373965500093.44904,1.0
B_n2,volume_density,2,1021679.1571806844,1.3985019526014343e+23,3.5387574652737543e+22,4.825086607106187e+22,1.2387893065292373e+23,1.3603970514795832e+23,1.3985019526014343e+23,373965500093.44904
B_n2,volume_density_x_price_displacement,1,0.0,0.0,0.0,0.0,0.0,0.0,0.0,1.0
B_n2,volume_density_x_price_displacement,2,0.0,0.0,0.0,0.0,0.0,0.0,0.0,nan
B_n2,volume_log,1,0.19386734506323874,6.922984102227518,0.699193965694051,0.23473450387961714,0.8514567734619067,1.0533711670030603,6.922984102227518,1.0
B_n2,volume_log,2,0.03758454748186888,47.92770887969495,0.5439724889745838,1.5700872765050085,0.7249788046600912,1.1095965356972612,47.92770887969495,6.922984102227518
B_n2,volume_log_x_price_displacement,1,0.0,0.0,0.0,0.0,0.0,0.0,0.0,1.0
B_n2,volume_log_x_price_displacement,2,0.0,0.0,0.0,0.0,0.0,0.0,0.0,nan
B_n2,volume_movement_abs,1,0.0,0.14166799310702044,0.0009692697226784679,0.0057886186123371946,0.0013401869762758524,0.0018169308122545798,0.14166799310702044,1.0
B_n2,volume_movement_abs,2,0.0,0.02006982027097079,3.444758923439778e-05,0.0006943707754077789,1.7961178004884748e-06,3.3025531633260903e-06,0.02006982027097079,0.14166799310702044
B_n2,volume_movement_signed,1,-0.14166799310702044,0.023166109982139062,5.0403311513199376e-05,0.005868990436232307,0.00128631196984567,0.0015775606327991614,0.14166799310702044,1.0
B_n2,volume_movement_signed,2,0.0,0.02006982027097079,3.444758923439778e-05,0.0006943707754077789,1.7961178004884748e-06,3.3025531633260903e-06,0.02006982027097079,0.14166799310702044
B_n3,bias,0,1.0,1.0,1.0,0.0,1.0,1.0,1.0,1.0
B_n3,directional_volume,1,-1.9913438003912423,1.3086780833639244,0.3865737988773016,0.5854224523083783,0.8136630661969578,0.9852141824271358,1.9913438003912423,1.0
B_n3,directional_volume,2,0.0,3.9654501313566355,0.49215874964518386,0.1885366680620192,0.7233120789356678,1.0914614807159269,3.9654501313566355,1.9913438003912423
B_n3,directional_volume,3,-7.896574534837673,2.2412922418044103,0.18919194172633483,0.43364356623418226,0.5387059121669922,0.9562977360726244,7.896574534837673,3.9654501313566355
B_n3,price_acceleration,1,-140421043670.4378,444412991.7075738,-514981328.26456964,7101759991.578529,0.0010656190174118264,0.015589312693097091,140421043670.4378,1.0
B_n3,price_acceleration,2,0.0,1.9718069505495e+22,5.070020074644661e+19,8.085393815872864e+20,2.39390136214322e-06,8524596610.28216,1.9718069505495e+22,140421043670.4378
B_n3,price_acceleration,3,-2.7688318991278413e+33,8.777285785901804e+25,-5.595128592911152e+30,1.011938799101302e+32,1.2100575097545818e-09,4.174822465438245e-06,2.7688318991278413e+33,1.9718069505495e+22
B_n3,price_displacement,1,-0.140421042223176,0.017701916366316118,0.000106235973569838,0.007215257804419058,0.0018453866685541381,0.0023407134685065442,0.140421042223176,1.0
B_n3,price_displacement,2,0.0,0.019718069099042976,5.207123126631046e-05,0.0008085194485357454,3.5930191909749185e-06,6.918138360845341e-06,0.019718069099042976,0.140421042223176
B_n3,price_displacement,3,-0.0027688318135162156,5.547034330224186e-06,-5.5879677454224135e-06,0.00010119443672900223,6.284476643441895e-09,1.2825137812269532e-08,0.0027688318135162156,0.019718069099042976
B_n3,price_velocity,1,-140421.04222317602,444.41378614505123,-514.9811348697498,7101.759931016362,0.001955619453824766,0.0025660425712971118,140421.04222317602,1.0
B_n3,price_velocity,2,0.0,19718069099.04298,50700199.68706124,808539363.8152395,4.06101658659213e-06,0.00024117124500895582,19718069099.04298,140421.04222317602
B_n3,price_velocity,3,-2768831813516216.5,87773328.57099365,-5595128407939.684,101193876659417.0,7.479256448322192e-09,1.689719625185385e-08,2768831813516216.5,19718069099.04298
B_n3,price_velocity_x_acceleration,1,0.0,0.0,0.0,0.0,0.0,0.0,0.0,1.0
B_n3,price_velocity_x_acceleration,2,0.0,0.0,0.0,0.0,0.0,0.0,0.0,nan
B_n3,price_velocity_x_acceleration,3,0.0,0.0,0.0,0.0,0.0,0.0,0.0,nan
B_n3,relative_volume,1,0.21393523777255094,1014.3453726593191,2.1084430668887992,33.30132146440821,1.3430578674539562,1.867309186601977,1014.3453726593191,1.0
B_n3,relative_volume,2,0.045768285960797905,1028896.535035373,1113.4235434421666,33811.5820413415,1.803805354798494,3.4868904900757465,1028896.535035373,1014.3453726593191
B_n3,relative_volume,3,0.009791449139465405,1043656439.2583375,1128278.68373864,34296658.5146684,2.4226174415940633,6.511277376463894,1043656439.2583375,1028896.535035373
B_n3,relative_volume_x_price_velocity,1,0.0,0.0,0.0,0.0,0.0,0.0,0.0,1.0
B_n3,relative_volume_x_price_velocity,2,0.0,0.0,0.0,0.0,0.0,0.0,0.0,nan
B_n3,relative_volume_x_price_velocity,3,0.0,0.0,0.0,0.0,0.0,0.0,0.0,nan
B_n3,spread,1,0.020000000000010232,0.030000000000001137,0.02437837837838463,0.004622806865558023,0.030000000000001137,0.030000000000001137,0.030000000000001137,1.0
B_n3,spread,2,0.00040000000000040925,0.0009000000000000682,0.0006156756756759414,0.00023085669523013392,0.0009000000000000682,0.0009000000000000682,0.0009000000000000682,0.030000000000001137
B_n3,spread,3,8.000000000012278e-06,2.700000000000307e-05,1.607567567568431e-05,8.773213390316924e-06,2.700000000000307e-05,2.700000000000307e-05,2.700000000000307e-05,0.0009000000000000682
B_n3,spread_change,1,-0.009999999999990905,0.009999999999990905,1.0810810810800978e-05,0.0007710238134864099,0.0,0.0,0.009999999999990905,1.0
B_n3,spread_change,2,0.0,9.99999999998181e-05,5.94594594593513e-07,7.419694243921645e-06,0.0,0.0,9.99999999998181e-05,0.009999999999990905
B_n3,spread_change,3,-9.999999999972714e-07,9.999999999972714e-07,1.0810810810781313e-09,7.374293493518986e-08,0.0,0.0,9.999999999972714e-07,9.999999999981809e-05
B_n3,volume_density,1,1010.781458664871,373965500093.44904,113892808778.14558,149719747399.47403,351964379668.28284,368835540746.8293,373965500093.44904,1.0
B_n3,volume_density,2,1021679.1571806844,1.3985019526014343e+23,3.5387574652737543e+22,4.825086607106187e+22,1.2387893065292373e+23,1.3603970514795832e+23,1.3985019526014343e+23,373965500093.44904
B_n3,volume_density,3,1032694348.7825882,5.229914820862603e+34,1.1177311889536768e+34,1.599595634925773e+34,4.360097527281968e+34,5.017631436604586e+34,5.229914820862603e+34,1.3985019526014342e+23
B_n3,volume_density_x_price_displacement,1,0.0,0.0,0.0,0.0,0.0,0.0,0.0,1.0
B_n3,volume_density_x_price_displacement,2,0.0,0.0,0.0,0.0,0.0,0.0,0.0,nan
B_n3,volume_density_x_price_displacement,3,0.0,0.0,0.0,0.0,0.0,0.0,0.0,nan
B_n3,volume_log,1,0.19386734506323874,6.922984102227518,0.699193965694051,0.23473450387961714,0.8514567734619067,1.0533711670030603,6.922984102227518,1.0
B_n3,volume_log,2,0.03758454748186888,47.92770887969495,0.5439724889745838,1.5700872765050085,0.7249788046600912,1.1095965356972612,47.92770887969495,6.922984102227518
B_n3,volume_log,3,0.007286416435713155,331.80276663031674,0.7197891754615883,10.896113317913615,0.6172883991255951,1.1688290320902432,331.80276663031674,47.92770887969495
B_n3,volume_log_x_price_displacement,1,0.0,0.0,0.0,0.0,0.0,0.0,0.0,1.0
B_n3,volume_log_x_price_displacement,2,0.0,0.0,0.0,0.0,0.0,0.0,0.0,nan
B_n3,volume_log_x_price_displacement,3,0.0,0.0,0.0,0.0,0.0,0.0,0.0,nan
B_n3,volume_movement_abs,1,0.0,0.14166799310702044,0.0009692697226784679,0.0057886186123371946,0.0013401869762758524,0.0018169308122545798,0.14166799310702044,1.0
B_n3,volume_movement_abs,2,0.0,0.02006982027097079,3.444758923439778e-05,0.0006943707754077789,1.7961178004884748e-06,3.3025531633260903e-06,0.02006982027097079,0.14166799310702044
B_n3,volume_movement_abs,3,0.0,0.002843251159807029,3.7986283356781946e-06,9.473341494372588e-05,2.4071782614331194e-09,6.005233162758941e-09,0.002843251159807029,0.02006982027097079
B_n3,volume_movement_signed,1,-0.14166799310702044,0.023166109982139062,5.0403311513199376e-05,0.005868990436232307,0.00128631196984567,0.0015775606327991614,0.14166799310702044,1.0
B_n3,volume_movement_signed,2,0.0,0.02006982027097079,3.444758923439778e-05,0.0006943707754077789,1.7961178004884748e-06,3.3025531633260903e-06,0.02006982027097079,0.14166799310702044
B_n3,volume_movement_signed,3,-0.002843251159807029,1.243252500935419e-05,-3.770891505535929e-06,9.473452307045325e-05,2.128330961935244e-09,3.926071689938957e-09,0.002843251159807029,0.02006982027097079
C_n1,bias,0,1.0,1.0,1.0,0.0,1.0,1.0,1.0,1.0
C_n1,directional_volume,1,-1.9913438003912423,1.3086780833639244,0.3865737988773016,0.5854224523083783,0.8136630661969578,0.9852141824271358,1.9913438003912423,1.0
C_n1,price_acceleration,1,-140421043670.4378,444412991.7075738,-514981328.26456964,7101759991.578529,0.0010656190174118264,0.015589312693097091,140421043670.4378,1.0
C_n1,price_displacement,1,-0.140421042223176,0.017701916366316118,0.000106235973569838,0.007215257804419058,0.0018453866685541381,0.0023407134685065442,0.140421042223176,1.0
C_n1,price_velocity,1,-140421.04222317602,444.41378614505123,-514.9811348697498,7101.759931016362,0.001955619453824766,0.0025660425712971118,140421.04222317602,1.0
C_n1,price_velocity_x_acceleration,1,0.0,0.0,0.0,0.0,0.0,0.0,0.0,1.0
C_n1,relative_volume,1,0.21393523777255094,1014.3453726593191,2.1084430668887992,33.30132146440821,1.3430578674539562,1.867309186601977,1014.3453726593191,1.0
C_n1,relative_volume_x_price_velocity,1,0.0,0.0,0.0,0.0,0.0,0.0,0.0,1.0
C_n1,spread,1,0.020000000000010232,0.030000000000001137,0.02437837837838463,0.004622806865558023,0.030000000000001137,0.030000000000001137,0.030000000000001137,1.0
C_n1,spread_change,1,-0.009999999999990905,0.009999999999990905,1.0810810810800978e-05,0.0007710238134864099,0.0,0.0,0.009999999999990905,1.0
C_n1,volume_density,1,1010.781458664871,373965500093.44904,113892808778.14558,149719747399.47403,351964379668.28284,368835540746.8293,373965500093.44904,1.0
C_n1,volume_density_x_price_displacement,1,0.0,0.0,0.0,0.0,0.0,0.0,0.0,1.0
C_n1,volume_log,1,0.19386734506323874,6.922984102227518,0.699193965694051,0.23473450387961714,0.8514567734619067,1.0533711670030603,6.922984102227518,1.0
C_n1,volume_log_x_price_displacement,1,0.0,0.0,0.0,0.0,0.0,0.0,0.0,1.0
C_n1,volume_movement_abs,1,0.0,0.14166799310702044,0.0009692697226784679,0.0057886186123371946,0.0013401869762758524,0.0018169308122545798,0.14166799310702044,1.0
C_n1,volume_movement_signed,1,-0.14166799310702044,0.023166109982139062,5.0403311513199376e-05,0.005868990436232307,0.00128631196984567,0.0015775606327991614,0.14166799310702044,1.0
C_n2,bias,0,1.0,1.0,1.0,0.0,1.0,1.0,1.0,1.0
C_n2,directional_volume,1,-1.9913438003912423,1.3086780833639244,0.3865737988773016,0.5854224523083783,0.8136630661969578,0.9852141824271358,1.9913438003912423,1.0
C_n2,directional_volume,2,0.0,3.9654501313566355,0.49215874964518386,0.1885366680620192,0.7233120789356678,1.0914614807159269,3.9654501313566355,1.9913438003912423
C_n2,price_acceleration,1,-140421043670.4378,444412991.7075738,-514981328.26456964,7101759991.578529,0.0010656190174118264,0.015589312693097091,140421043670.4378,1.0
C_n2,price_acceleration,2,0.0,1.9718069505495e+22,5.070020074644661e+19,8.085393815872864e+20,2.39390136214322e-06,8524596610.28216,1.9718069505495e+22,140421043670.4378
C_n2,price_displacement,1,-0.140421042223176,0.017701916366316118,0.000106235973569838,0.007215257804419058,0.0018453866685541381,0.0023407134685065442,0.140421042223176,1.0
C_n2,price_displacement,2,0.0,0.019718069099042976,5.207123126631046e-05,0.0008085194485357454,3.5930191909749185e-06,6.918138360845341e-06,0.019718069099042976,0.140421042223176
C_n2,price_velocity,1,-140421.04222317602,444.41378614505123,-514.9811348697498,7101.759931016362,0.001955619453824766,0.0025660425712971118,140421.04222317602,1.0
C_n2,price_velocity,2,0.0,19718069099.04298,50700199.68706124,808539363.8152395,4.06101658659213e-06,0.00024117124500895582,19718069099.04298,140421.04222317602
C_n2,price_velocity_x_acceleration,1,0.0,0.0,0.0,0.0,0.0,0.0,0.0,1.0
C_n2,price_velocity_x_acceleration,2,0.0,0.0,0.0,0.0,0.0,0.0,0.0,nan
C_n2,relative_volume,1,0.21393523777255094,1014.3453726593191,2.1084430668887992,33.30132146440821,1.3430578674539562,1.867309186601977,1014.3453726593191,1.0
C_n2,relative_volume,2,0.045768285960797905,1028896.535035373,1113.4235434421666,33811.5820413415,1.803805354798494,3.4868904900757465,1028896.535035373,1014.3453726593191
C_n2,relative_volume_x_price_velocity,1,0.0,0.0,0.0,0.0,0.0,0.0,0.0,1.0
C_n2,relative_volume_x_price_velocity,2,0.0,0.0,0.0,0.0,0.0,0.0,0.0,nan
C_n2,spread,1,0.020000000000010232,0.030000000000001137,0.02437837837838463,0.004622806865558023,0.030000000000001137,0.030000000000001137,0.030000000000001137,1.0
C_n2,spread,2,0.00040000000000040925,0.0009000000000000682,0.0006156756756759414,0.00023085669523013392,0.0009000000000000682,0.0009000000000000682,0.0009000000000000682,0.030000000000001137
C_n2,spread_change,1,-0.009999999999990905,0.009999999999990905,1.0810810810800978e-05,0.0007710238134864099,0.0,0.0,0.009999999999990905,1.0
C_n2,spread_change,2,0.0,9.99999999998181e-05,5.94594594593513e-07,7.419694243921645e-06,0.0,0.0,9.99999999998181e-05,0.009999999999990905
C_n2,volume_density,1,1010.781458664871,373965500093.44904,113892808778.14558,149719747399.47403,351964379668.28284,368835540746.8293,373965500093.44904,1.0
C_n2,volume_density,2,1021679.1571806844,1.3985019526014343e+23,3.5387574652737543e+22,4.825086607106187e+22,1.2387893065292373e+23,1.3603970514795832e+23,1.3985019526014343e+23,373965500093.44904
C_n2,volume_density_x_price_displacement,1,0.0,0.0,0.0,0.0,0.0,0.0,0.0,1.0
C_n2,volume_density_x_price_displacement,2,0.0,0.0,0.0,0.0,0.0,0.0,0.0,nan
C_n2,volume_log,1,0.19386734506323874,6.922984102227518,0.699193965694051,0.23473450387961714,0.8514567734619067,1.0533711670030603,6.922984102227518,1.0
C_n2,volume_log,2,0.03758454748186888,47.92770887969495,0.5439724889745838,1.5700872765050085,0.7249788046600912,1.1095965356972612,47.92770887969495,6.922984102227518
C_n2,volume_log_x_price_displacement,1,0.0,0.0,0.0,0.0,0.0,0.0,0.0,1.0
C_n2,volume_log_x_price_displacement,2,0.0,0.0,0.0,0.0,0.0,0.0,0.0,nan
C_n2,volume_movement_abs,1,0.0,0.14166799310702044,0.0009692697226784679,0.0057886186123371946,0.0013401869762758524,0.0018169308122545798,0.14166799310702044,1.0
C_n2,volume_movement_abs,2,0.0,0.02006982027097079,3.444758923439778e-05,0.0006943707754077789,1.7961178004884748e-06,3.3025531633260903e-06,0.02006982027097079,0.14166799310702044
C_n2,volume_movement_signed,1,-0.14166799310702044,0.023166109982139062,5.0403311513199376e-05,0.005868990436232307,0.00128631196984567,0.0015775606327991614,0.14166799310702044,1.0
C_n2,volume_movement_signed,2,0.0,0.02006982027097079,3.444758923439778e-05,0.0006943707754077789,1.7961178004884748e-06,3.3025531633260903e-06,0.02006982027097079,0.14166799310702044
C_n3,bias,0,1.0,1.0,1.0,0.0,1.0,1.0,1.0,1.0
C_n3,directional_volume,1,-1.9913438003912423,1.3086780833639244,0.3865737988773016,0.5854224523083783,0.8136630661969578,0.9852141824271358,1.9913438003912423,1.0
C_n3,directional_volume,2,0.0,3.9654501313566355,0.49215874964518386,0.1885366680620192,0.7233120789356678,1.0914614807159269,3.9654501313566355,1.9913438003912423
C_n3,directional_volume,3,-7.896574534837673,2.2412922418044103,0.18919194172633483,0.43364356623418226,0.5387059121669922,0.9562977360726244,7.896574534837673,3.9654501313566355
C_n3,price_acceleration,1,-140421043670.4378,444412991.7075738,-514981328.26456964,7101759991.578529,0.0010656190174118264,0.015589312693097091,140421043670.4378,1.0
C_n3,price_acceleration,2,0.0,1.9718069505495e+22,5.070020074644661e+19,8.085393815872864e+20,2.39390136214322e-06,8524596610.28216,1.9718069505495e+22,140421043670.4378
C_n3,price_acceleration,3,-2.7688318991278413e+33,8.777285785901804e+25,-5.595128592911152e+30,1.011938799101302e+32,1.2100575097545818e-09,4.174822465438245e-06,2.7688318991278413e+33,1.9718069505495e+22
C_n3,price_displacement,1,-0.140421042223176,0.017701916366316118,0.000106235973569838,0.007215257804419058,0.0018453866685541381,0.0023407134685065442,0.140421042223176,1.0
C_n3,price_displacement,2,0.0,0.019718069099042976,5.207123126631046e-05,0.0008085194485357454,3.5930191909749185e-06,6.918138360845341e-06,0.019718069099042976,0.140421042223176
C_n3,price_displacement,3,-0.0027688318135162156,5.547034330224186e-06,-5.5879677454224135e-06,0.00010119443672900223,6.284476643441895e-09,1.2825137812269532e-08,0.0027688318135162156,0.019718069099042976
C_n3,price_velocity,1,-140421.04222317602,444.41378614505123,-514.9811348697498,7101.759931016362,0.001955619453824766,0.0025660425712971118,140421.04222317602,1.0
C_n3,price_velocity,2,0.0,19718069099.04298,50700199.68706124,808539363.8152395,4.06101658659213e-06,0.00024117124500895582,19718069099.04298,140421.04222317602
C_n3,price_velocity,3,-2768831813516216.5,87773328.57099365,-5595128407939.684,101193876659417.0,7.479256448322192e-09,1.689719625185385e-08,2768831813516216.5,19718069099.04298
C_n3,price_velocity_x_acceleration,1,0.0,0.0,0.0,0.0,0.0,0.0,0.0,1.0
C_n3,price_velocity_x_acceleration,2,0.0,0.0,0.0,0.0,0.0,0.0,0.0,nan
C_n3,price_velocity_x_acceleration,3,0.0,0.0,0.0,0.0,0.0,0.0,0.0,nan
C_n3,relative_volume,1,0.21393523777255094,1014.3453726593191,2.1084430668887992,33.30132146440821,1.3430578674539562,1.867309186601977,1014.3453726593191,1.0
C_n3,relative_volume,2,0.045768285960797905,1028896.535035373,1113.4235434421666,33811.5820413415,1.803805354798494,3.4868904900757465,1028896.535035373,1014.3453726593191
C_n3,relative_volume,3,0.009791449139465405,1043656439.2583375,1128278.68373864,34296658.5146684,2.4226174415940633,6.511277376463894,1043656439.2583375,1028896.535035373
C_n3,relative_volume_x_price_velocity,1,0.0,0.0,0.0,0.0,0.0,0.0,0.0,1.0
C_n3,relative_volume_x_price_velocity,2,0.0,0.0,0.0,0.0,0.0,0.0,0.0,nan
C_n3,relative_volume_x_price_velocity,3,0.0,0.0,0.0,0.0,0.0,0.0,0.0,nan
C_n3,spread,1,0.020000000000010232,0.030000000000001137,0.02437837837838463,0.004622806865558023,0.030000000000001137,0.030000000000001137,0.030000000000001137,1.0
C_n3,spread,2,0.00040000000000040925,0.0009000000000000682,0.0006156756756759414,0.00023085669523013392,0.0009000000000000682,0.0009000000000000682,0.0009000000000000682,0.030000000000001137
C_n3,spread,3,8.000000000012278e-06,2.700000000000307e-05,1.607567567568431e-05,8.773213390316924e-06,2.700000000000307e-05,2.700000000000307e-05,2.700000000000307e-05,0.0009000000000000682
C_n3,spread_change,1,-0.009999999999990905,0.009999999999990905,1.0810810810800978e-05,0.0007710238134864099,0.0,0.0,0.009999999999990905,1.0
C_n3,spread_change,2,0.0,9.99999999998181e-05,5.94594594593513e-07,7.419694243921645e-06,0.0,0.0,9.99999999998181e-05,0.009999999999990905
C_n3,spread_change,3,-9.999999999972714e-07,9.999999999972714e-07,1.0810810810781313e-09,7.374293493518986e-08,0.0,0.0,9.999999999972714e-07,9.999999999981809e-05
C_n3,volume_density,1,1010.781458664871,373965500093.44904,113892808778.14558,149719747399.47403,351964379668.28284,368835540746.8293,373965500093.44904,1.0
C_n3,volume_density,2,1021679.1571806844,1.3985019526014343e+23,3.5387574652737543e+22,4.825086607106187e+22,1.2387893065292373e+23,1.3603970514795832e+23,1.3985019526014343e+23,373965500093.44904
C_n3,volume_density,3,1032694348.7825882,5.229914820862603e+34,1.1177311889536768e+34,1.599595634925773e+34,4.360097527281968e+34,5.017631436604586e+34,5.229914820862603e+34,1.3985019526014342e+23
C_n3,volume_density_x_price_displacement,1,0.0,0.0,0.0,0.0,0.0,0.0,0.0,1.0
C_n3,volume_density_x_price_displacement,2,0.0,0.0,0.0,0.0,0.0,0.0,0.0,nan
C_n3,volume_density_x_price_displacement,3,0.0,0.0,0.0,0.0,0.0,0.0,0.0,nan
C_n3,volume_log,1,0.19386734506323874,6.922984102227518,0.699193965694051,0.23473450387961714,0.8514567734619067,1.0533711670030603,6.922984102227518,1.0
C_n3,volume_log,2,0.03758454748186888,47.92770887969495,0.5439724889745838,1.5700872765050085,0.7249788046600912,1.1095965356972612,47.92770887969495,6.922984102227518
C_n3,volume_log,3,0.007286416435713155,331.80276663031674,0.7197891754615883,10.896113317913615,0.6172883991255951,1.1688290320902432,331.80276663031674,47.92770887969495
C_n3,volume_log_x_price_displacement,1,0.0,0.0,0.0,0.0,0.0,0.0,0.0,1.0
C_n3,volume_log_x_price_displacement,2,0.0,0.0,0.0,0.0,0.0,0.0,0.0,nan
C_n3,volume_log_x_price_displacement,3,0.0,0.0,0.0,0.0,0.0,0.0,0.0,nan
C_n3,volume_movement_abs,1,0.0,0.14166799310702044,0.0009692697226784679,0.0057886186123371946,0.0013401869762758524,0.0018169308122545798,0.14166799310702044,1.0
C_n3,volume_movement_abs,2,0.0,0.02006982027097079,3.444758923439778e-05,0.0006943707754077789,1.7961178004884748e-06,3.3025531633260903e-06,0.02006982027097079,0.14166799310702044
C_n3,volume_movement_abs,3,0.0,0.002843251159807029,3.7986283356781946e-06,9.473341494372588e-05,2.4071782614331194e-09,6.005233162758941e-09,0.002843251159807029,0.02006982027097079
C_n3,volume_movement_signed,1,-0.14166799310702044,0.023166109982139062,5.0403311513199376e-05,0.005868990436232307,0.00128631196984567,0.0015775606327991614,0.14166799310702044,1.0
C_n3,volume_movement_signed,2,0.0,0.02006982027097079,3.444758923439778e-05,0.0006943707754077789,1.7961178004884748e-06,3.3025531633260903e-06,0.02006982027097079,0.14166799310702044
C_n3,volume_movement_signed,3,-0.002843251159807029,1.243252500935419e-05,-3.770891505535929e-06,9.473452307045325e-05,2.128330961935244e-09,3.926071689938957e-09,0.002843251159807029,0.02006982027097079
D_n1,bias,0,1.0,1.0,1.0,0.0,1.0,1.0,1.0,1.0
D_n1,directional_volume,1,-1.9913438003912423,1.3086780833639244,0.3865737988773016,0.5854224523083783,0.8136630661969578,0.9852141824271358,1.9913438003912423,1.0
D_n1,price_acceleration,1,-140421043670.4378,444412991.7075738,-514981328.26456964,7101759991.578529,0.0010656190174118264,0.015589312693097091,140421043670.4378,1.0
D_n1,price_displacement,1,-0.140421042223176,0.017701916366316118,0.000106235973569838,0.007215257804419058,0.0018453866685541381,0.0023407134685065442,0.140421042223176,1.0
D_n1,price_velocity,1,-140421.04222317602,444.41378614505123,-514.9811348697498,7101.759931016362,0.001955619453824766,0.0025660425712971118,140421.04222317602,1.0
D_n1,price_velocity_x_acceleration,1,-0.6478263774469027,1.971806930226899e+16,50700200216736.734,808539372701264.0,2.176116107815415e-06,139.6991730032563,1.971806930226899e+16,1.0
D_n1,relative_volume,1,0.21393523777255094,1014.3453726593191,2.1084430668887992,33.30132146440821,1.3430578674539562,1.867309186601977,1014.3453726593191,1.0
D_n1,relative_volume_x_price_velocity,1,-244687.5835698596,871.5127052868045,-604.9904176228786,9556.580848301417,0.0019419191542903059,0.002542753156159957,244687.5835698596,1.0
D_n1,spread,1,0.020000000000010232,0.030000000000001137,0.02437837837838463,0.004622806865558023,0.030000000000001137,0.030000000000001137,0.030000000000001137,1.0
D_n1,spread_change,1,-0.009999999999990905,0.009999999999990905,1.0810810810800978e-05,0.0007710238134864099,0.0,0.0,0.009999999999990905,1.0
D_n1,volume_density,1,1010.781458664871,373965500093.44904,113892808778.14558,149719747399.47403,351964379668.28284,368835540746.8293,373965500093.44904,1.0
D_n1,volume_density_x_price_displacement,1,-46222874816.639786,931578576.7396669,-53207017.774168946,2078863674.2980087,550543751.1904829,823931741.1397495,46222874816.639786,1.0
D_n1,volume_log,1,0.19386734506323874,6.922984102227518,0.699193965694051,0.23473450387961714,0.8514567734619067,1.0533711670030603,6.922984102227518,1.0
D_n1,volume_log_x_price_displacement,1,-0.14166799310702044,0.023166109982139062,5.0403311513199376e-05,0.005868990436232307,0.00128631196984567,0.0015775606327991614,0.14166799310702044,1.0
D_n1,volume_movement_abs,1,0.0,0.14166799310702044,0.0009692697226784679,0.0057886186123371946,0.0013401869762758524,0.0018169308122545798,0.14166799310702044,1.0
D_n1,volume_movement_signed,1,-0.14166799310702044,0.023166109982139062,5.0403311513199376e-05,0.005868990436232307,0.00128631196984567,0.0015775606327991614,0.14166799310702044,1.0
D_n2,bias,0,1.0,1.0,1.0,0.0,1.0,1.0,1.0,1.0
D_n2,directional_volume,1,-1.9913438003912423,1.3086780833639244,0.3865737988773016,0.5854224523083783,0.8136630661969578,0.9852141824271358,1.9913438003912423,1.0
D_n2,directional_volume,2,0.0,3.9654501313566355,0.49215874964518386,0.1885366680620192,0.7233120789356678,1.0914614807159269,3.9654501313566355,1.9913438003912423
D_n2,price_acceleration,1,-140421043670.4378,444412991.7075738,-514981328.26456964,7101759991.578529,0.0010656190174118264,0.015589312693097091,140421043670.4378,1.0
D_n2,price_acceleration,2,0.0,1.9718069505495e+22,5.070020074644661e+19,8.085393815872864e+20,2.39390136214322e-06,8524596610.28216,1.9718069505495e+22,140421043670.4378
D_n2,price_displacement,1,-0.140421042223176,0.017701916366316118,0.000106235973569838,0.007215257804419058,0.0018453866685541381,0.0023407134685065442,0.140421042223176,1.0
D_n2,price_displacement,2,0.0,0.019718069099042976,5.207123126631046e-05,0.0008085194485357454,3.5930191909749185e-06,6.918138360845341e-06,0.019718069099042976,0.140421042223176
D_n2,price_velocity,1,-140421.04222317602,444.41378614505123,-514.9811348697498,7101.759931016362,0.001955619453824766,0.0025660425712971118,140421.04222317602,1.0
D_n2,price_velocity,2,0.0,19718069099.04298,50700199.68706124,808539363.8152395,4.06101658659213e-06,0.00024117124500895582,19718069099.04298,140421.04222317602
D_n2,price_velocity_x_acceleration,1,-0.6478263774469027,1.971806930226899e+16,50700200216736.734,808539372701264.0,2.176116107815415e-06,139.6991730032563,1.971806930226899e+16,1.0
D_n2,price_velocity_x_acceleration,2,0.0,3.888022570090828e+32,6.563064275101706e+29,1.3408626025331499e+31,5.039489052604576e-12,19576.11970749055,3.888022570090828e+32,1.971806930226899e+16
D_n2,relative_volume,1,0.21393523777255094,1014.3453726593191,2.1084430668887992,33.30132146440821,1.3430578674539562,1.867309186601977,1014.3453726593191,1.0
D_n2,relative_volume,2,0.045768285960797905,1028896.535035373,1113.4235434421666,33811.5820413415,1.803805354798494,3.4868904900757465,1028896.535035373,1014.3453726593191
D_n2,relative_volume_x_price_velocity,1,-244687.5835698596,871.5127052868045,-604.9904176228786,9556.580848301417,0.0019419191542903059,0.002542753156159957,244687.5835698596,1.0
D_n2,relative_volume_x_price_velocity,2,0.0,59872013553.25702,91694250.91553693,2035460378.7513669,4.362983087446877e-06,0.0017414464081003326,59872013553.25702,244687.5835698596
D_n2,spread,1,0.020000000000010232,0.030000000000001137,0.02437837837838463,0.004622806865558023,0.030000000000001137,0.030000000000001137,0.030000000000001137,1.0
D_n2,spread,2,0.00040000000000040925,0.0009000000000000682,0.0006156756756759414,0.00023085669523013392,0.0009000000000000682,0.0009000000000000682,0.0009000000000000682,0.030000000000001137
D_n2,spread_change,1,-0.009999999999990905,0.009999999999990905,1.0810810810800978e-05,0.0007710238134864099,0.0,0.0,0.009999999999990905,1.0
D_n2,spread_change,2,0.0,9.99999999998181e-05,5.94594594593513e-07,7.419694243921645e-06,0.0,0.0,9.99999999998181e-05,0.009999999999990905
D_n2,volume_density,1,1010.781458664871,373965500093.44904,113892808778.14558,149719747399.47403,351964379668.28284,368835540746.8293,373965500093.44904,1.0
D_n2,volume_density,2,1021679.1571806844,1.3985019526014343e+23,3.5387574652737543e+22,4.825086607106187e+22,1.2387893065292373e+23,1.3603970514795832e+23,1.3985019526014343e+23,373965500093.44904
D_n2,volume_density_x_price_displacement,1,-46222874816.639786,931578576.7396669,-53207017.774168946,2078863674.2980087,550543751.1904829,823931741.1397495,46222874816.639786,1.0
D_n2,volume_density_x_price_displacement,2,0.0,2.1365541563147525e+21,4.324505163056239e+18,7.781875640673837e+19,3.722190587075724e+17,8.188611835167564e+17,2.1365541563147525e+21,46222874816.639786
D_n2,volume_log,1,0.19386734506323874,6.922984102227518,0.699193965694051,0.23473450387961714,0.8514567734619067,1.0533711670030603,6.922984102227518,1.0
D_n2,volume_log,2,0.03758454748186888,47.92770887969495,0.5439724889745838,1.5700872765050085,0.7249788046600912,1.1095965356972612,47.92770887969495,6.922984102227518
D_n2,volume_log_x_price_displacement,1,-0.14166799310702044,0.023166109982139062,5.0403311513199376e-05,0.005868990436232307,0.00128631196984567,0.0015775606327991614,0.14166799310702044,1.0
D_n2,volume_log_x_price_displacement,2,0.0,0.02006982027097079,3.444758923439778e-05,0.0006943707754077789,1.7961178004884748e-06,3.3025531633260903e-06,0.02006982027097079,0.14166799310702044
D_n2,volume_movement_abs,1,0.0,0.14166799310702044,0.0009692697226784679,0.0057886186123371946,0.0013401869762758524,0.0018169308122545798,0.14166799310702044,1.0
D_n2,volume_movement_abs,2,0.0,0.02006982027097079,3.444758923439778e-05,0.0006943707754077789,1.7961178004884748e-06,3.3025531633260903e-06,0.02006982027097079,0.14166799310702044
D_n2,volume_movement_signed,1,-0.14166799310702044,0.023166109982139062,5.0403311513199376e-05,0.005868990436232307,0.00128631196984567,0.0015775606327991614,0.14166799310702044,1.0
D_n2,volume_movement_signed,2,0.0,0.02006982027097079,3.444758923439778e-05,0.0006943707754077789,1.7961178004884748e-06,3.3025531633260903e-06,0.02006982027097079,0.14166799310702044
D_n3,bias,0,1.0,1.0,1.0,0.0,1.0,1.0,1.0,1.0
D_n3,directional_volume,1,-1.9913438003912423,1.3086780833639244,0.3865737988773016,0.5854224523083783,0.8136630661969578,0.9852141824271358,1.9913438003912423,1.0
D_n3,directional_volume,2,0.0,3.9654501313566355,0.49215874964518386,0.1885366680620192,0.7233120789356678,1.0914614807159269,3.9654501313566355,1.9913438003912423
D_n3,directional_volume,3,-7.896574534837673,2.2412922418044103,0.18919194172633483,0.43364356623418226,0.5387059121669922,0.9562977360726244,7.896574534837673,3.9654501313566355
D_n3,price_acceleration,1,-140421043670.4378,444412991.7075738,-514981328.26456964,7101759991.578529,0.0010656190174118264,0.015589312693097091,140421043670.4378,1.0
D_n3,price_acceleration,2,0.0,1.9718069505495e+22,5.070020074644661e+19,8.085393815872864e+20,2.39390136214322e-06,8524596610.28216,1.9718069505495e+22,140421043670.4378
D_n3,price_acceleration,3,-2.7688318991278413e+33,8.777285785901804e+25,-5.595128592911152e+30,1.011938799101302e+32,1.2100575097545818e-09,4.174822465438245e-06,2.7688318991278413e+33,1.9718069505495e+22
D_n3,price_displacement,1,-0.140421042223176,0.017701916366316118,0.000106235973569838,0.007215257804419058,0.0018453866685541381,0.0023407134685065442,0.140421042223176,1.0
D_n3,price_displacement,2,0.0,0.019718069099042976,5.207123126631046e-05,0.0008085194485357454,3.5930191909749185e-06,6.918138360845341e-06,0.019718069099042976,0.140421042223176
D_n3,price_displacement,3,-0.0027688318135162156,5.547034330224186e-06,-5.5879677454224135e-06,0.00010119443672900223,6.284476643441895e-09,1.2825137812269532e-08,0.0027688318135162156,0.019718069099042976
D_n3,price_velocity,1,-140421.04222317602,444.41378614505123,-514.9811348697498,7101.759931016362,0.001955619453824766,0.0025660425712971118,140421.04222317602,1.0
D_n3,price_velocity,2,0.0,19718069099.04298,50700199.68706124,808539363.8152395,4.06101658659213e-06,0.00024117124500895582,19718069099.04298,140421.04222317602
D_n3,price_velocity,3,-2768831813516216.5,87773328.57099365,-5595128407939.684,101193876659417.0,7.479256448322192e-09,1.689719625185385e-08,2768831813516216.5,19718069099.04298
D_n3,price_velocity_x_acceleration,1,-0.6478263774469027,1.971806930226899e+16,50700200216736.734,808539372701264.0,2.176116107815415e-06,139.6991730032563,1.971806930226899e+16,1.0
D_n3,price_velocity_x_acceleration,2,0.0,3.888022570090828e+32,6.563064275101706e+29,1.3408626025331499e+31,5.039489052604576e-12,19576.11970749055,3.888022570090828e+32,1.971806930226899e+16
D_n3,price_velocity_x_acceleration,3,-0.27187913618263254,7.666429848583695e+48,1.0271506465249841e+46,2.54249311896118e+47,1.0306168005615676e-17,2751034.9285977283,7.666429848583695e+48,3.888022570090828e+32
D_n3,relative_volume,1,0.21393523777255094,1014.3453726593191,2.1084430668887992,33.30132146440821,1.3430578674539562,1.867309186601977,1014.3453726593191,1.0
D_n3,relative_volume,2,0.045768285960797905,1028896.535035373,1113.4235434421666,33811.5820413415,1.803805354798494,3.4868904900757465,1028896.535035373,1014.3453726593191
D_n3,relative_volume,3,0.009791449139465405,1043656439.2583375,1128278.68373864,34296658.5146684,2.4226174415940633,6.511277376463894,1043656439.2583375,1028896.535035373
D_n3,relative_volume_x_price_velocity,1,-244687.5835698596,871.5127052868045,-604.9904176228786,9556.580848301417,0.0019419191542903059,0.002542753156159957,244687.5835698596,1.0
D_n3,relative_volume_x_price_velocity,2,0.0,59872013553.25702,91694250.91553693,2035460378.7513669,4.362983087446877e-06,0.0017414464081003326,59872013553.25702,244687.5835698596
D_n3,relative_volume_x_price_velocity,3,-1.4649938319808342e+16,661943875.7599492,-18431645157086.87,485086596840333.94,7.3231867654661545e-09,1.6442414492912257e-08,1.4649938319808342e+16,59872013553.25702
D_n3,spread,1,0.020000000000010232,0.030000000000001137,0.02437837837838463,0.004622806865558023,0.030000000000001137,0.030000000000001137,0.030000000000001137,1.0
D_n3,spread,2,0.00040000000000040925,0.0009000000000000682,0.0006156756756759414,0.00023085669523013392,0.0009000000000000682,0.0009000000000000682,0.0009000000000000682,0.030000000000001137
D_n3,spread,3,8.000000000012278e-06,2.700000000000307e-05,1.607567567568431e-05,8.773213390316924e-06,2.700000000000307e-05,2.700000000000307e-05,2.700000000000307e-05,0.0009000000000000682
D_n3,spread_change,1,-0.009999999999990905,0.009999999999990905,1.0810810810800978e-05,0.0007710238134864099,0.0,0.0,0.009999999999990905,1.0
D_n3,spread_change,2,0.0,9.99999999998181e-05,5.94594594593513e-07,7.419694243921645e-06,0.0,0.0,9.99999999998181e-05,0.009999999999990905
D_n3,spread_change,3,-9.999999999972714e-07,9.999999999972714e-07,1.0810810810781313e-09,7.374293493518986e-08,0.0,0.0,9.999999999972714e-07,9.999999999981809e-05
D_n3,volume_density,1,1010.781458664871,373965500093.44904,113892808778.14558,149719747399.47403,351964379668.28284,368835540746.8293,373965500093.44904,1.0
D_n3,volume_density,2,1021679.1571806844,1.3985019526014343e+23,3.5387574652737543e+22,4.825086607106187e+22,1.2387893065292373e+23,1.3603970514795832e+23,1.3985019526014343e+23,373965500093.44904
D_n3,volume_density,3,1032694348.7825882,5.229914820862603e+34,1.1177311889536768e+34,1.599595634925773e+34,4.360097527281968e+34,5.017631436604586e+34,5.229914820862603e+34,1.3985019526014342e+23
D_n3,volume_density_x_price_displacement,1,-46222874816.639786,931578576.7396669,-53207017.774168946,2078863674.2980087,550543751.1904829,823931741.1397495,46222874816.639786,1.0
D_n3,volume_density_x_price_displacement,2,0.0,2.1365541563147525e+21,4.324505163056239e+18,7.781875640673837e+19,3.722190587075724e+17,8.188611835167564e+17,2.1365541563147525e+21,46222874816.639786
D_n3,volume_density_x_price_displacement,3,-9.875767530630823e+31,8.084598894136955e+26,-1.534804438444481e+29,3.348699218896362e+30,1.6690802497642422e+26,5.5954677825434314e+26,9.875767530630823e+31,2.1365541563147525e+21
D_n3,volume_log,1,0.19386734506323874,6.922984102227518,0.699193965694051,0.23473450387961714,0.8514567734619067,1.0533711670030603,6.922984102227518,1.0
D_n3,volume_log,2,0.03758454748186888,47.92770887969495,0.5439724889745838,1.5700872765050085,0.7249788046600912,1.1095965356972612,47.92770887969495,6.922984102227518
D_n3,volume_log,3,0.007286416435713155,331.80276663031674,0.7197891754615883,10.896113317913615,0.6172883991255951,1.1688290320902432,331.80276663031674,47.92770887969495
D_n3,volume_log_x_price_displacement,1,-0.14166799310702044,0.023166109982139062,5.0403311513199376e-05,0.005868990436232307,0.00128631196984567,0.0015775606327991614,0.14166799310702044,1.0
D_n3,volume_log_x_price_displacement,2,0.0,0.02006982027097079,3.444758923439778e-05,0.0006943707754077789,1.7961178004884748e-06,3.3025531633260903e-06,0.02006982027097079,0.14166799310702044
D_n3,volume_log_x_price_displacement,3,-0.002843251159807029,1.243252500935419e-05,-3.770891505535929e-06,9.473452307045325e-05,2.128330961935244e-09,3.926071689938957e-09,0.002843251159807029,0.02006982027097079
D_n3,volume_movement_abs,1,0.0,0.14166799310702044,0.0009692697226784679,0.0057886186123371946,0.0013401869762758524,0.0018169308122545798,0.14166799310702044,1.0
D_n3,volume_movement_abs,2,0.0,0.02006982027097079,3.444758923439778e-05,0.0006943707754077789,1.7961178004884748e-06,3.3025531633260903e-06,0.02006982027097079,0.14166799310702044
D_n3,volume_movement_abs,3,0.0,0.002843251159807029,3.7986283356781946e-06,9.473341494372588e-05,2.4071782614331194e-09,6.005233162758941e-09,0.002843251159807029,0.02006982027097079
D_n3,volume_movement_signed,1,-0.14166799310702044,0.023166109982139062,5.0403311513199376e-05,0.005868990436232307,0.00128631196984567,0.0015775606327991614,0.14166799310702044,1.0
D_n3,volume_movement_signed,2,0.0,0.02006982027097079,3.444758923439778e-05,0.0006943707754077789,1.7961178004884748e-06,3.3025531633260903e-06,0.02006982027097079,0.14166799310702044
D_n3,volume_movement_signed,3,-0.002843251159807029,1.243252500935419e-05,-3.770891505535929e-06,9.473452307045325e-05,2.128330961935244e-09,3.926071689938957e-09,0.002843251159807029,0.02006982027097079
E_n1,bias,0,1.0,1.0,1.0,0.0,1.0,1.0,1.0,1.0
E_n1,directional_volume,1,-1.9913438003912423,1.3086780833639244,0.3865737988773016,0.5854224523083783,0.8136630661969578,0.9852141824271358,1.9913438003912423,1.0
E_n1,price_acceleration,1,-140421043670.4378,444412991.7075738,-514981328.26456964,7101759991.578529,0.0010656190174118264,0.015589312693097091,140421043670.4378,1.0
E_n1,price_displacement,1,-0.140421042223176,0.017701916366316118,0.000106235973569838,0.007215257804419058,0.0018453866685541381,0.0023407134685065442,0.140421042223176,1.0
E_n1,price_velocity,1,-140421.04222317602,444.41378614505123,-514.9811348697498,7101.759931016362,0.001955619453824766,0.0025660425712971118,140421.04222317602,1.0
E_n1,price_velocity_x_acceleration,1,-0.6478263774469027,1.971806930226899e+16,50700200216736.734,808539372701264.0,2.176116107815415e-06,139.6991730032563,1.971806930226899e+16,1.0
E_n1,relative_volume,1,0.21393523777255094,1014.3453726593191,2.1084430668887992,33.30132146440821,1.3430578674539562,1.867309186601977,1014.3453726593191,1.0
E_n1,relative_volume_x_price_velocity,1,-244687.5835698596,871.5127052868045,-604.9904176228786,9556.580848301417,0.0019419191542903059,0.002542753156159957,244687.5835698596,1.0
E_n1,spread,1,0.020000000000010232,0.030000000000001137,0.02437837837838463,0.004622806865558023,0.030000000000001137,0.030000000000001137,0.030000000000001137,1.0
E_n1,spread_change,1,-0.009999999999990905,0.009999999999990905,1.0810810810800978e-05,0.0007710238134864099,0.0,0.0,0.009999999999990905,1.0
E_n1,volume_density,1,1010.781458664871,373965500093.44904,113892808778.14558,149719747399.47403,351964379668.28284,368835540746.8293,373965500093.44904,1.0
E_n1,volume_density_x_price_displacement,1,-46222874816.639786,931578576.7396669,-53207017.774168946,2078863674.2980087,550543751.1904829,823931741.1397495,46222874816.639786,1.0
E_n1,volume_log,1,0.19386734506323874,6.922984102227518,0.699193965694051,0.23473450387961714,0.8514567734619067,1.0533711670030603,6.922984102227518,1.0
E_n1,volume_log_x_price_displacement,1,-0.14166799310702044,0.023166109982139062,5.0403311513199376e-05,0.005868990436232307,0.00128631196984567,0.0015775606327991614,0.14166799310702044,1.0
E_n1,volume_movement_abs,1,0.0,0.14166799310702044,0.0009692697226784679,0.0057886186123371946,0.0013401869762758524,0.0018169308122545798,0.14166799310702044,1.0
E_n1,volume_movement_signed,1,-0.14166799310702044,0.023166109982139062,5.0403311513199376e-05,0.005868990436232307,0.00128631196984567,0.0015775606327991614,0.14166799310702044,1.0
E_n2,bias,0,1.0,1.0,1.0,0.0,1.0,1.0,1.0,1.0
E_n2,directional_volume,1,-1.9913438003912423,1.3086780833639244,0.3865737988773016,0.5854224523083783,0.8136630661969578,0.9852141824271358,1.9913438003912423,1.0
E_n2,directional_volume,2,0.0,3.9654501313566355,0.49215874964518386,0.1885366680620192,0.7233120789356678,1.0914614807159269,3.9654501313566355,1.9913438003912423
E_n2,price_acceleration,1,-140421043670.4378,444412991.7075738,-514981328.26456964,7101759991.578529,0.0010656190174118264,0.015589312693097091,140421043670.4378,1.0
E_n2,price_acceleration,2,0.0,1.9718069505495e+22,5.070020074644661e+19,8.085393815872864e+20,2.39390136214322e-06,8524596610.28216,1.9718069505495e+22,140421043670.4378
E_n2,price_displacement,1,-0.140421042223176,0.017701916366316118,0.000106235973569838,0.007215257804419058,0.0018453866685541381,0.0023407134685065442,0.140421042223176,1.0
E_n2,price_displacement,2,0.0,0.019718069099042976,5.207123126631046e-05,0.0008085194485357454,3.5930191909749185e-06,6.918138360845341e-06,0.019718069099042976,0.140421042223176
E_n2,price_velocity,1,-140421.04222317602,444.41378614505123,-514.9811348697498,7101.759931016362,0.001955619453824766,0.0025660425712971118,140421.04222317602,1.0
E_n2,price_velocity,2,0.0,19718069099.04298,50700199.68706124,808539363.8152395,4.06101658659213e-06,0.00024117124500895582,19718069099.04298,140421.04222317602
E_n2,price_velocity_x_acceleration,1,-0.6478263774469027,1.971806930226899e+16,50700200216736.734,808539372701264.0,2.176116107815415e-06,139.6991730032563,1.971806930226899e+16,1.0
E_n2,price_velocity_x_acceleration,2,0.0,3.888022570090828e+32,6.563064275101706e+29,1.3408626025331499e+31,5.039489052604576e-12,19576.11970749055,3.888022570090828e+32,1.971806930226899e+16
E_n2,relative_volume,1,0.21393523777255094,1014.3453726593191,2.1084430668887992,33.30132146440821,1.3430578674539562,1.867309186601977,1014.3453726593191,1.0
E_n2,relative_volume,2,0.045768285960797905,1028896.535035373,1113.4235434421666,33811.5820413415,1.803805354798494,3.4868904900757465,1028896.535035373,1014.3453726593191
E_n2,relative_volume_x_price_velocity,1,-244687.5835698596,871.5127052868045,-604.9904176228786,9556.580848301417,0.0019419191542903059,0.002542753156159957,244687.5835698596,1.0
E_n2,relative_volume_x_price_velocity,2,0.0,59872013553.25702,91694250.91553693,2035460378.7513669,4.362983087446877e-06,0.0017414464081003326,59872013553.25702,244687.5835698596
E_n2,spread,1,0.020000000000010232,0.030000000000001137,0.02437837837838463,0.004622806865558023,0.030000000000001137,0.030000000000001137,0.030000000000001137,1.0
E_n2,spread,2,0.00040000000000040925,0.0009000000000000682,0.0006156756756759414,0.00023085669523013392,0.0009000000000000682,0.0009000000000000682,0.0009000000000000682,0.030000000000001137
E_n2,spread_change,1,-0.009999999999990905,0.009999999999990905,1.0810810810800978e-05,0.0007710238134864099,0.0,0.0,0.009999999999990905,1.0
E_n2,spread_change,2,0.0,9.99999999998181e-05,5.94594594593513e-07,7.419694243921645e-06,0.0,0.0,9.99999999998181e-05,0.009999999999990905
E_n2,volume_density,1,1010.781458664871,373965500093.44904,113892808778.14558,149719747399.47403,351964379668.28284,368835540746.8293,373965500093.44904,1.0
E_n2,volume_density,2,1021679.1571806844,1.3985019526014343e+23,3.5387574652737543e+22,4.825086607106187e+22,1.2387893065292373e+23,1.3603970514795832e+23,1.3985019526014343e+23,373965500093.44904
E_n2,volume_density_x_price_displacement,1,-46222874816.639786,931578576.7396669,-53207017.774168946,2078863674.2980087,550543751.1904829,823931741.1397495,46222874816.639786,1.0
E_n2,volume_density_x_price_displacement,2,0.0,2.1365541563147525e+21,4.324505163056239e+18,7.781875640673837e+19,3.722190587075724e+17,8.188611835167564e+17,2.1365541563147525e+21,46222874816.639786
E_n2,volume_log,1,0.19386734506323874,6.922984102227518,0.699193965694051,0.23473450387961714,0.8514567734619067,1.0533711670030603,6.922984102227518,1.0
E_n2,volume_log,2,0.03758454748186888,47.92770887969495,0.5439724889745838,1.5700872765050085,0.7249788046600912,1.1095965356972612,47.92770887969495,6.922984102227518
E_n2,volume_log_x_price_displacement,1,-0.14166799310702044,0.023166109982139062,5.0403311513199376e-05,0.005868990436232307,0.00128631196984567,0.0015775606327991614,0.14166799310702044,1.0
E_n2,volume_log_x_price_displacement,2,0.0,0.02006982027097079,3.444758923439778e-05,0.0006943707754077789,1.7961178004884748e-06,3.3025531633260903e-06,0.02006982027097079,0.14166799310702044
E_n2,volume_movement_abs,1,0.0,0.14166799310702044,0.0009692697226784679,0.0057886186123371946,0.0013401869762758524,0.0018169308122545798,0.14166799310702044,1.0
E_n2,volume_movement_abs,2,0.0,0.02006982027097079,3.444758923439778e-05,0.0006943707754077789,1.7961178004884748e-06,3.3025531633260903e-06,0.02006982027097079,0.14166799310702044
E_n2,volume_movement_signed,1,-0.14166799310702044,0.023166109982139062,5.0403311513199376e-05,0.005868990436232307,0.00128631196984567,0.0015775606327991614,0.14166799310702044,1.0
E_n2,volume_movement_signed,2,0.0,0.02006982027097079,3.444758923439778e-05,0.0006943707754077789,1.7961178004884748e-06,3.3025531633260903e-06,0.02006982027097079,0.14166799310702044
E_n3,bias,0,1.0,1.0,1.0,0.0,1.0,1.0,1.0,1.0
E_n3,directional_volume,1,-1.9913438003912423,1.3086780833639244,0.3865737988773016,0.5854224523083783,0.8136630661969578,0.9852141824271358,1.9913438003912423,1.0
E_n3,directional_volume,2,0.0,3.9654501313566355,0.49215874964518386,0.1885366680620192,0.7233120789356678,1.0914614807159269,3.9654501313566355,1.9913438003912423
E_n3,directional_volume,3,-7.896574534837673,2.2412922418044103,0.18919194172633483,0.43364356623418226,0.5387059121669922,0.9562977360726244,7.896574534837673,3.9654501313566355
E_n3,price_acceleration,1,-140421043670.4378,444412991.7075738,-514981328.26456964,7101759991.578529,0.0010656190174118264,0.015589312693097091,140421043670.4378,1.0
E_n3,price_acceleration,2,0.0,1.9718069505495e+22,5.070020074644661e+19,8.085393815872864e+20,2.39390136214322e-06,8524596610.28216,1.9718069505495e+22,140421043670.4378
E_n3,price_acceleration,3,-2.7688318991278413e+33,8.777285785901804e+25,-5.595128592911152e+30,1.011938799101302e+32,1.2100575097545818e-09,4.174822465438245e-06,2.7688318991278413e+33,1.9718069505495e+22
E_n3,price_displacement,1,-0.140421042223176,0.017701916366316118,0.000106235973569838,0.007215257804419058,0.0018453866685541381,0.0023407134685065442,0.140421042223176,1.0
E_n3,price_displacement,2,0.0,0.019718069099042976,5.207123126631046e-05,0.0008085194485357454,3.5930191909749185e-06,6.918138360845341e-06,0.019718069099042976,0.140421042223176
E_n3,price_displacement,3,-0.0027688318135162156,5.547034330224186e-06,-5.5879677454224135e-06,0.00010119443672900223,6.284476643441895e-09,1.2825137812269532e-08,0.0027688318135162156,0.019718069099042976
E_n3,price_velocity,1,-140421.04222317602,444.41378614505123,-514.9811348697498,7101.759931016362,0.001955619453824766,0.0025660425712971118,140421.04222317602,1.0
E_n3,price_velocity,2,0.0,19718069099.04298,50700199.68706124,808539363.8152395,4.06101658659213e-06,0.00024117124500895582,19718069099.04298,140421.04222317602
E_n3,price_velocity,3,-2768831813516216.5,87773328.57099365,-5595128407939.684,101193876659417.0,7.479256448322192e-09,1.689719625185385e-08,2768831813516216.5,19718069099.04298
E_n3,price_velocity_x_acceleration,1,-0.6478263774469027,1.971806930226899e+16,50700200216736.734,808539372701264.0,2.176116107815415e-06,139.6991730032563,1.971806930226899e+16,1.0
E_n3,price_velocity_x_acceleration,2,0.0,3.888022570090828e+32,6.563064275101706e+29,1.3408626025331499e+31,5.039489052604576e-12,19576.11970749055,3.888022570090828e+32,1.971806930226899e+16
E_n3,price_velocity_x_acceleration,3,-0.27187913618263254,7.666429848583695e+48,1.0271506465249841e+46,2.54249311896118e+47,1.0306168005615676e-17,2751034.9285977283,7.666429848583695e+48,3.888022570090828e+32
E_n3,relative_volume,1,0.21393523777255094,1014.3453726593191,2.1084430668887992,33.30132146440821,1.3430578674539562,1.867309186601977,1014.3453726593191,1.0
E_n3,relative_volume,2,0.045768285960797905,1028896.535035373,1113.4235434421666,33811.5820413415,1.803805354798494,3.4868904900757465,1028896.535035373,1014.3453726593191
E_n3,relative_volume,3,0.009791449139465405,1043656439.2583375,1128278.68373864,34296658.5146684,2.4226174415940633,6.511277376463894,1043656439.2583375,1028896.535035373
E_n3,relative_volume_x_price_velocity,1,-244687.5835698596,871.5127052868045,-604.9904176228786,9556.580848301417,0.0019419191542903059,0.002542753156159957,244687.5835698596,1.0
E_n3,relative_volume_x_price_velocity,2,0.0,59872013553.25702,91694250.91553693,2035460378.7513669,4.362983087446877e-06,0.0017414464081003326,59872013553.25702,244687.5835698596
E_n3,relative_volume_x_price_velocity,3,-1.4649938319808342e+16,661943875.7599492,-18431645157086.87,485086596840333.94,7.3231867654661545e-09,1.6442414492912257e-08,1.4649938319808342e+16,59872013553.25702
E_n3,spread,1,0.020000000000010232,0.030000000000001137,0.02437837837838463,0.004622806865558023,0.030000000000001137,0.030000000000001137,0.030000000000001137,1.0
E_n3,spread,2,0.00040000000000040925,0.0009000000000000682,0.0006156756756759414,0.00023085669523013392,0.0009000000000000682,0.0009000000000000682,0.0009000000000000682,0.030000000000001137
E_n3,spread,3,8.000000000012278e-06,2.700000000000307e-05,1.607567567568431e-05,8.773213390316924e-06,2.700000000000307e-05,2.700000000000307e-05,2.700000000000307e-05,0.0009000000000000682
E_n3,spread_change,1,-0.009999999999990905,0.009999999999990905,1.0810810810800978e-05,0.0007710238134864099,0.0,0.0,0.009999999999990905,1.0
E_n3,spread_change,2,0.0,9.99999999998181e-05,5.94594594593513e-07,7.419694243921645e-06,0.0,0.0,9.99999999998181e-05,0.009999999999990905
E_n3,spread_change,3,-9.999999999972714e-07,9.999999999972714e-07,1.0810810810781313e-09,7.374293493518986e-08,0.0,0.0,9.999999999972714e-07,9.999999999981809e-05
E_n3,volume_density,1,1010.781458664871,373965500093.44904,113892808778.14558,149719747399.47403,351964379668.28284,368835540746.8293,373965500093.44904,1.0
E_n3,volume_density,2,1021679.1571806844,1.3985019526014343e+23,3.5387574652737543e+22,4.825086607106187e+22,1.2387893065292373e+23,1.3603970514795832e+23,1.3985019526014343e+23,373965500093.44904
E_n3,volume_density,3,1032694348.7825882,5.229914820862603e+34,1.1177311889536768e+34,1.599595634925773e+34,4.360097527281968e+34,5.017631436604586e+34,5.229914820862603e+34,1.3985019526014342e+23
E_n3,volume_density_x_price_displacement,1,-46222874816.639786,931578576.7396669,-53207017.774168946,2078863674.2980087,550543751.1904829,823931741.1397495,46222874816.639786,1.0
E_n3,volume_density_x_price_displacement,2,0.0,2.1365541563147525e+21,4.324505163056239e+18,7.781875640673837e+19,3.722190587075724e+17,8.188611835167564e+17,2.1365541563147525e+21,46222874816.639786
E_n3,volume_density_x_price_displacement,3,-9.875767530630823e+31,8.084598894136955e+26,-1.534804438444481e+29,3.348699218896362e+30,1.6690802497642422e+26,5.5954677825434314e+26,9.875767530630823e+31,2.1365541563147525e+21
E_n3,volume_log,1,0.19386734506323874,6.922984102227518,0.699193965694051,0.23473450387961714,0.8514567734619067,1.0533711670030603,6.922984102227518,1.0
E_n3,volume_log,2,0.03758454748186888,47.92770887969495,0.5439724889745838,1.5700872765050085,0.7249788046600912,1.1095965356972612,47.92770887969495,6.922984102227518
E_n3,volume_log,3,0.007286416435713155,331.80276663031674,0.7197891754615883,10.896113317913615,0.6172883991255951,1.1688290320902432,331.80276663031674,47.92770887969495
E_n3,volume_log_x_price_displacement,1,-0.14166799310702044,0.023166109982139062,5.0403311513199376e-05,0.005868990436232307,0.00128631196984567,0.0015775606327991614,0.14166799310702044,1.0
E_n3,volume_log_x_price_displacement,2,0.0,0.02006982027097079,3.444758923439778e-05,0.0006943707754077789,1.7961178004884748e-06,3.3025531633260903e-06,0.02006982027097079,0.14166799310702044
E_n3,volume_log_x_price_displacement,3,-0.002843251159807029,1.243252500935419e-05,-3.770891505535929e-06,9.473452307045325e-05,2.128330961935244e-09,3.926071689938957e-09,0.002843251159807029,0.02006982027097079
E_n3,volume_movement_abs,1,0.0,0.14166799310702044,0.0009692697226784679,0.0057886186123371946,0.0013401869762758524,0.0018169308122545798,0.14166799310702044,1.0
E_n3,volume_movement_abs,2,0.0,0.02006982027097079,3.444758923439778e-05,0.0006943707754077789,1.7961178004884748e-06,3.3025531633260903e-06,0.02006982027097079,0.14166799310702044
E_n3,volume_movement_abs,3,0.0,0.002843251159807029,3.7986283356781946e-06,9.473341494372588e-05,2.4071782614331194e-09,6.005233162758941e-09,0.002843251159807029,0.02006982027097079
E_n3,volume_movement_signed,1,-0.14166799310702044,0.023166109982139062,5.0403311513199376e-05,0.005868990436232307,0.00128631196984567,0.0015775606327991614,0.14166799310702044,1.0
E_n3,volume_movement_signed,2,0.0,0.02006982027097079,3.444758923439778e-05,0.0006943707754077789,1.7961178004884748e-06,3.3025531633260903e-06,0.02006982027097079,0.14166799310702044
E_n3,volume_movement_signed,3,-0.002843251159807029,1.243252500935419e-05,-3.770891505535929e-06,9.473452307045325e-05,2.128330961935244e-09,3.926071689938957e-09,0.002843251159807029,0.02006982027097079
